15,42.16,19.54,18.975006103515625,17.14354705810547
30,42.16,19.55,18.850006103515625,17.09069061279297
45,41.85,19.45,18.850006103515625,17.05777359008789
60,41.98,19.4,18.850006103515625,17.025333404541016
75,41.91,19.39,18.725006103515625,17.020511627197266
90,41.79,19.51,18.850006103515625,17.05208969116211
105,41.73,19.41,18.662506103515625,16.989559173583984
120,41.91,19.36,18.662506103515625,16.951671600341797
135,25.35,19.35,18.850006103515625,17.051910400390625
150,25.98,19.62,18.912506103515625,17.114648818969727
165,30.04,19.66,18.975006103515625,17.131671905517578
180,27.98,19.4,18.850006103515625,17.077594757080078
195,25.35,19.37,18.912506103515625,17.135541915893555
210,25.73,19.47,18.975006103515625,17.2081298828125
225,25.41,19.29,18.850006103515625,17.065183639526367
240,25.35,19.28,18.850006103515625,17.094202041625977
255,25.41,19.27,18.912506103515625,17.095661163330078
270,26.16,19.51,18.975006103515625,17.22720718383789
285,25.91,19.37,18.850006103515625,17.13458824157715
300,25.91,19.36,18.850006103515625,17.14104652404785
315,25.98,19.42,18.975006103515625,17.213905334472656
330,26.04,19.65,18.912506103515625,17.264053344726562
345,25.79,19.44,18.912506103515625,17.22357749938965
360,25.73,19.41,18.975006103515625,17.221195220947266
375,25.79,19.36,18.912506103515625,17.169261932373047
390,26.35,19.58,19.037506103515625,17.346641540527344
405,26.04,19.47,18.975006103515625,17.260393142700195
420,26.41,19.53,18.912506103515625,17.238725662231445
435,25.85,19.32,18.850006103515625,17.1381893157959
451,26.04,19.48,18.975006103515625,17.212238311767578
466,25.91,19.5,18.975006103515625,17.27682113647461
481,25.73,19.28,18.850006103515625,17.08128547668457
496,25.73,19.27,18.850006103515625,17.086315155029297
511,25.91,19.42,18.975006103515625,17.19256591796875
526,25.98,19.48,18.975006103515625,17.243398666381836
541,26.23,19.43,18.975006103515625,17.212833404541016
556,30.23,19.45,19.037506103515625,17.227148056030273
571,26.85,19.45,18.975006103515625,17.17708969116211
586,27.1,19.6,19.100006103515625,17.334678649902344
601,27.1,19.46,18.975006103515625,17.21607780456543
616,27.23,19.35,18.912506103515625,17.128576278686523
631,27.35,19.35,18.850006103515625,17.09914207458496
646,27.6,19.63,19.100006103515625,17.362802505493164
661,27.54,19.45,18.975006103515625,17.214202880859375
676,27.6,19.38,18.850006103515625,17.148784637451172
691,31.91,21.36,30.975006103515625,17.556106567382812
706,31.73,20.29,19.287506103515625,17.53938102722168
721,27.41,19.47,19.100006103515625,17.304113388061523
736,27.66,19.43,19.037506103515625,17.260393142700195
751,27.79,19.43,18.975006103515625,17.266374588012695
766,27.98,19.53,19.100006103515625,17.35310173034668
781,27.79,19.39,18.912506103515625,17.218637466430664
796,27.66,19.34,18.912506103515625,17.21723747253418
811,27.73,19.39,18.975006103515625,17.258071899414062
826,27.98,19.84,19.225006103515625,17.4581298828125
841,27.73,19.77,19.100006103515625,17.423696517944336
856,27.54,19.69,19.037506103515625,17.357772827148438
871,27.41,19.59,18.975006103515625,17.271821975708008
887,27.79,19.83,19.225006103515625,17.48685073852539
902,27.6,19.76,19.100006103515625,17.440690994262695
917,27.1,19.92,19.225006103515625,17.453041076660156
932,27.35,19.72,19.100006103515625,17.424022674560547
947,27.98,19.86,19.225006103515625,17.55003547668457
962,27.91,19.83,19.162506103515625,17.495779037475586
977,27.98,19.7,19.162506103515625,17.428726196289062
992,31.6,19.66,19.100006103515625,17.366552352905273
1007,28.6,19.71,19.100006103515625,17.378576278686523
1022,27.98,19.55,19.037506103515625,17.339202880859375
1037,30.54,20.0,19.225006103515625,17.431106567382812
1052,30.16,19.96,23.662506103515625,17.552326202392578
1067,28.98,19.97,20.037506103515625,17.502267837524414
1082,32.48,20.18,19.600006103515625,17.486881256103516
1097,29.91,20.06,22.475006103515625,17.445898056030273
1112,32.6,21.26,30.162506103515625,19.096582412719727
1127,29.91,20.03,19.725006103515625,17.641464233398438
1142,30.54,21.6,29.350006103515625,19.573129653930664
1157,30.98,20.27,24.162506103515625,17.93866539001465
1172,30.54,20.88,30.287506103515625,22.55768394470215
1187,30.54,20.6,19.787506103515625,18.089588165283203
1202,31.04,20.46,20.037506103515625,18.00485610961914
1217,29.73,20.2,19.662506103515625,17.92694091796875
1232,30.23,20.58,26.100006103515625,18.424707412719727
1247,30.41,20.26,19.912506103515625,18.119173049926758
1262,29.98,20.41,19.787506103515625,18.030155181884766
1277,28.91,19.97,19.787506103515625,18.00446891784668
1293,31.6,20.47,19.850006103515625,18.0146484375
1308,30.73,20.3,19.850006103515625,18.04045295715332
1323,30.29,20.23,19.850006103515625,18.023250579833984
1338,29.85,20.22,19.850006103515625,18.007238388061523
1353,29.41,20.12,19.787506103515625,17.924022674560547
1368,29.04,20.23,19.787506103515625,17.97122573852539
1383,28.79,20.11,19.725006103515625,17.93667221069336
1398,28.91,20.04,19.725006103515625,17.88896369934082
1413,28.91,19.93,19.600006103515625,17.779232025146484
1428,29.29,20.13,19.725006103515625,17.919321060180664
1443,28.29,19.93,19.725006103515625,17.790958404541016
1458,28.29,19.82,19.600006103515625,17.697893142700195
1473,28.29,19.75,19.600006103515625,17.627208709716797
1488,29.04,20.09,19.725006103515625,17.90321922302246
1503,30.35,20.01,19.725006103515625,17.844112396240234
1518,29.29,19.89,19.725006103515625,17.78693962097168
1533,29.23,19.89,19.725006103515625,17.7802734375
1548,29.29,20.06,19.850006103515625,17.900005340576172
1563,28.91,19.99,19.850006103515625,17.865095138549805
1578,28.73,19.93,20.287506103515625,17.838518142700195
1593,28.41,19.84,20.287506103515625,17.753873825073242
1608,28.73,20.09,19.850006103515625,17.936731338500977
1623,28.48,20.01,19.850006103515625,17.900482177734375
1638,28.29,19.9,19.662506103515625,17.802356719970703
1653,27.85,19.82,19.600006103515625,17.7393798828125
1668,28.41,20.03,19.725006103515625,17.87441062927246
1683,28.41,19.87,19.600006103515625,17.756820678710938
1699,28.79,19.76,19.350006103515625,17.65780258178711
1714,27.85,19.68,19.287506103515625,17.5793514251709
1729,28.1,19.87,19.475006103515625,17.74688148498535
1744,28.16,20.1,19.725006103515625,17.850303649902344
1759,28.23,19.81,19.600006103515625,17.79774284362793
1774,28.29,20.17,19.787506103515625,17.86444091796875
1789,28.98,20.41,19.850006103515625,18.031761169433594
1804,28.73,19.97,19.600006103515625,17.906583786010742
1819,30.04,20.44,20.600006103515625,17.94908332824707
1834,30.54,20.71,21.287506103515625,17.987417221069336
1849,29.66,20.09,19.662506103515625,17.915481567382812
1864,28.98,20.29,19.787506103515625,18.033220291137695
1879,28.85,19.92,19.725006103515625,17.923458099365234
1894,29.41,20.12,20.225006103515625,17.873310089111328
1909,30.85,21.24,30.787506103515625,22.213428497314453
1924,29.16,20.16,19.912506103515625,18.173934936523438
1939,31.79,20.66,20.162506103515625,18.324291229248047
1954,28.98,20.09,20.037506103515625,18.185749053955078
1969,29.48,20.09,20.287506103515625,18.104379653930664
1984,29.04,20.1,19.850006103515625,18.142772674560547
1999,28.85,20.11,19.725006103515625,18.03363609313965
2014,30.41,20.38,19.787506103515625,18.18682098388672
2029,28.85,19.84,19.662506103515625,17.897802352905273
2044,28.98,20.06,19.725006103515625,18.008934020996094
2059,31.04,20.01,19.850006103515625,17.914737701416016
2074,30.66,19.96,19.787506103515625,17.82958984375
2089,30.23,19.92,19.662506103515625,17.788785934448242
2104,29.54,20.11,20.037506103515625,17.960838317871094
2119,29.41,20.06,19.725006103515625,17.933368682861328
2135,29.73,20.09,19.850006103515625,17.99512481689453
2150,29.04,20.15,20.100006103515625,18.083547592163086
2165,29.73,20.26,20.100006103515625,18.149707794189453
2180,29.66,20.1,20.162506103515625,18.011077880859375
2195,29.41,20.05,19.912506103515625,17.962297439575195
2210,29.48,19.98,19.787506103515625,17.908397674560547
2225,29.6,20.11,20.037506103515625,18.038904190063477
2240,29.35,20.01,19.912506103515625,17.97750473022461
2255,29.35,20.0,19.912506103515625,17.960481643676758
2270,29.35,19.98,19.912506103515625,17.97113609313965
2285,29.23,20.11,20.100006103515625,18.07384490966797
2300,29.35,20.03,20.162506103515625,18.015512466430664
2315,29.29,20.0,20.100006103515625,18.010719299316406
2330,29.66,20.03,20.162506103515625,18.047863006591797
2345,29.73,20.09,19.912506103515625,18.053279876708984
2360,29.29,19.96,19.912506103515625,17.964677810668945
2375,29.1,19.95,19.787506103515625,17.863636016845703
2390,30.23,19.77,19.537506103515625,17.689647674560547
2405,29.91,20.18,19.850006103515625,18.042861938476562
2420,29.04,20.12,19.850006103515625,18.05179214477539
2435,30.54,20.3,19.912506103515625,18.015689849853516
2450,31.1,20.36,20.475006103515625,18.14714813232422
2465,29.29,20.1,20.100006103515625,18.16881561279297
2480,29.04,20.0,20.350006103515625,18.084856033325195
2495,28.91,19.96,21.162506103515625,18.061702728271484
2510,28.79,19.98,21.662506103515625,18.092029571533203
2525,28.98,20.09,21.037506103515625,18.167892456054688
2540,28.85,20.02,19.850006103515625,18.136165618896484
2556,29.29,19.97,19.787506103515625,18.06979751586914
2571,28.6,19.92,19.850006103515625,18.02476692199707
2586,28.85,20.09,20.100006103515625,18.134916305541992
2601,27.23,19.93,19.912506103515625,18.08741569519043
2616,27.1,19.86,19.912506103515625,18.055601119995117
2631,27.23,19.91,19.912506103515625,18.110868453979492
2646,27.41,20.06,20.100006103515625,18.202058792114258
2661,27.23,19.96,20.100006103515625,18.16438102722168
2676,27.16,19.95,20.350006103515625,18.163070678710938
2691,27.1,19.84,19.912506103515625,18.048368453979492
2706,27.48,20.15,20.287506103515625,18.2889347076416
2721,28.04,20.03,19.912506103515625,18.2108097076416
2736,27.79,19.97,20.600006103515625,18.146732330322266
2751,27.54,19.93,20.412506103515625,18.10771369934082
2766,27.85,20.34,20.412506103515625,18.363487243652344
2781,32.1,20.87,31.287506103515625,22.421642303466797
2796,27.85,20.06,20.287506103515625,18.274946212768555
2811,30.1,20.37,20.100006103515625,18.32524299621582
2826,28.29,20.39,20.100006103515625,18.359201431274414
2841,30.85,20.3,21.100006103515625,18.334321975708008
2856,31.04,21.46,30.287506103515625,23.369380950927734
2871,30.85,20.91,21.100006103515625,18.686077117919922
2886,30.79,20.87,20.350006103515625,18.730690002441406
2901,30.79,20.79,20.287506103515625,18.701255798339844
2916,30.66,20.62,20.162506103515625,18.570659637451172
2931,30.79,20.32,20.162506103515625,18.364887237548828
2946,30.16,20.49,20.350006103515625,18.54075050354004
2962,29.6,20.33,20.225006103515625,18.4206600189209
2977,29.16,20.26,20.225006103515625,18.37125587463379
2992,28.98,20.19,20.225006103515625,18.310659408569336
3007,28.6,20.36,20.225006103515625,18.445451736450195
3022,28.35,20.25,20.225006103515625,18.388368606567383
3037,28.23,20.28,20.162506103515625,18.424530029296875
3052,27.98,20.23,20.100006103515625,18.382774353027344
3067,28.29,20.43,20.225006103515625,18.53226661682129
3082,28.23,20.31,20.225006103515625,18.441761016845703
3097,28.16,20.22,20.162506103515625,18.390361785888672
3112,27.85,20.15,20.162506103515625,18.34238624572754
3127,28.73,20.36,20.350006103515625,18.52268409729004
3142,28.48,20.24,20.287506103515625,18.471046447753906
3157,28.48,20.18,20.162506103515625,18.399202346801758
3172,28.48,20.13,20.162506103515625,18.38741683959961
3187,28.79,20.36,20.162506103515625,18.541135787963867
3202,28.6,20.27,20.225006103515625,18.492149353027344
3217,28.6,20.2,20.162506103515625,18.43170166015625
3232,28.6,20.16,19.912506103515625,18.401226043701172
3247,28.85,20.28,20.162506103515625,18.47818946838379
3262,31.23,20.37,20.225006103515625,18.440750122070312
3277,30.85,20.4,20.162506103515625,18.486434936523438
3292,28.16,20.18,20.162506103515625,18.45536231994629
3307,28.23,20.22,20.287506103515625,18.44664192199707
3322,28.04,20.12,20.287506103515625,18.382356643676758
3337,27.85,20.04,19.912506103515625,18.337923049926758
3352,27.91,19.95,19.912506103515625,18.261524200439453
3367,27.79,20.13,20.037506103515625,18.4186954498291
3382,28.04,20.18,20.162506103515625,18.482177734375
3398,27.79,20.19,20.162506103515625,18.49366569519043
3413,27.54,20.08,20.100006103515625,18.42586898803711
3428,28.6,20.12,20.037506103515625,18.422922134399414
3443,27.73,20.19,20.100006103515625,18.52399444580078
3458,27.54,20.06,20.037506103515625,18.433427810668945
3473,27.41,20.07,20.100006103515625,18.471820831298828
3488,27.41,20.09,20.162506103515625,18.4824161529541
3503,27.91,20.2,20.350006103515625,18.576284408569336
3518,28.23,20.19,20.225006103515625,18.61048126220703
3533,27.73,20.12,20.162506103515625,18.556493759155273
3548,28.79,20.09,20.162506103515625,18.541135787963867
3563,29.04,20.21,20.225006103515625,18.59667205810547
3578,27.91,20.06,20.037506103515625,18.483367919921875
3593,27.91,19.98,19.912506103515625,18.42366600036621
3608,27.98,19.97,20.037506103515625,18.41048240661621
3623,28.23,20.21,20.100006103515625,18.624767303466797
3638,28.16,20.18,20.225006103515625,18.626821517944336
3653,28.23,20.21,20.287506103515625,18.674142837524414
3668,28.1,20.08,20.162506103515625,18.541522979736328
3683,29.35,20.38,20.350006103515625,18.793071746826172
3698,28.23,20.14,20.225006103515625,18.580839157104492
3713,28.23,20.12,20.100006103515625,18.569499969482422
3728,28.1,20.07,19.912506103515625,18.51985740661621
3743,28.1,20.15,20.037506103515625,18.574350357055664
3758,28.79,20.1,20.037506103515625,18.55393409729004
3773,28.16,20.09,20.100006103515625,18.55807113647461
3788,27.73,20.1,20.100006103515625,18.590065002441406
3803,27.85,20.3,20.225006103515625,18.746315002441406
3818,28.16,20.26,20.225006103515625,18.72345733642578
3833,28.29,20.16,20.162506103515625,18.644529342651367
3848,27.79,20.21,20.037506103515625,18.565542221069336
3863,28.1,20.44,20.412506103515625,18.871463775634766
3878,27.98,20.52,20.287506103515625,18.822267532348633
3893,28.23,20.5,20.850006103515625,18.690778732299805
3908,28.04,20.24,20.350006103515625,18.631433486938477
3924,28.1,20.26,20.912506103515625,18.71072006225586
3939,27.98,20.33,20.287506103515625,18.720243453979492
3954,32.66,21.88,25.912506103515625,19.18062973022461
3969,33.41,21.87,27.787506103515625,19.377029418945312
3984,30.85,20.73,20.412506103515625,18.91286277770996
3999,27.91,20.39,20.350006103515625,18.8187255859375
4014,27.73,20.28,20.225006103515625,18.775005340576172
4029,27.85,20.3,20.162506103515625,18.820749282836914
4044,28.29,20.49,20.350006103515625,18.967327117919922
4059,28.1,20.38,20.225006103515625,18.891077041625977
4074,26.85,20.2,20.037506103515625,18.80348777770996
4089,28.73,20.65,20.225006103515625,18.872446060180664
4104,30.85,21.42,30.287506103515625,20.74643325805664
4119,28.16,20.6,20.600006103515625,19.065214157104492
4134,30.41,20.81,20.600006103515625,19.09890365600586
4149,26.85,20.18,21.100006103515625,18.81756591796875
4164,30.66,21.29,20.912506103515625,19.463220596313477
4179,30.23,20.45,20.975006103515625,19.042654037475586
4194,29.35,20.33,20.662506103515625,18.936880111694336
4209,28.6,20.29,20.600006103515625,18.900659561157227
4224,28.16,20.44,20.600006103515625,19.016136169433594
4239,27.66,20.34,20.600006103515625,18.940690994262695
4254,27.04,20.15,20.412506103515625,18.86783218383789
4269,26.6,20.09,20.412506103515625,18.828428268432617
4284,26.29,20.25,20.412506103515625,18.90321922302246
4299,27.35,20.34,20.412506103515625,18.889381408691406
4314,31.41,20.51,20.475006103515625,18.91042137145996
4330,25.66,20.11,20.287506103515625,18.85202980041504
4345,27.54,20.35,20.287506103515625,18.973726272583008
4360,26.85,20.23,20.287506103515625,18.894113540649414
4375,26.41,20.19,20.287506103515625,18.87432098388672
4390,26.16,20.11,20.162506103515625,18.813308715820312
4405,24.85,20.31,20.225006103515625,18.96247673034668
4420,23.23,20.16,20.162506103515625,18.874141693115234
4435,23.16,20.12,20.225006103515625,18.841463088989258
4450,23.04,20.12,20.100006103515625,18.843904495239258
4465,23.1,20.3,20.350006103515625,18.98065948486328
4480,22.98,20.18,20.287506103515625,18.93238639831543
4495,22.91,20.12,20.162506103515625,18.90566062927246
4510,22.85,20.13,20.225006103515625,18.9206600189209
4525,23.16,20.34,20.287506103515625,19.034915924072266
4540,22.91,20.2,20.225006103515625,18.928041458129883
4555,22.91,20.17,20.287506103515625,18.90941047668457
4570,22.85,20.1,20.225006103515625,18.833724975585938
4585,22.98,20.25,20.225006103515625,18.937536239624023
4600,22.79,20.15,20.162506103515625,18.890361785888672
4615,22.91,20.16,20.287506103515625,18.928428649902344
4630,22.85,20.17,20.225006103515625,18.918577194213867
4645,22.85,20.21,20.350006103515625,18.936702728271484
4660,22.85,20.21,20.225006103515625,18.968338012695312
4675,22.66,20.01,20.100006103515625,18.77146339416504
4690,22.54,19.91,19.912506103515625,18.679798126220703
4705,22.85,20.15,20.100006103515625,18.851404190063477
4720,22.79,20.17,20.225006103515625,18.91470718383789
4735,22.79,20.16,20.287506103515625,18.928279876708984
4751,22.79,20.13,20.287506103515625,18.905868530273438
4766,22.85,20.18,20.350006103515625,18.926166534423828
4781,22.85,20.24,20.350006103515625,19.021345138549805
4796,22.79,20.19,20.412506103515625,18.99319076538086
4811,22.66,20.09,20.287506103515625,18.901939392089844
4826,22.85,20.15,20.350006103515625,18.91714859008789
4841,22.85,20.25,20.475006103515625,19.01723861694336
4856,22.79,20.15,20.287506103515625,18.954500198364258
4871,22.6,20.06,20.162506103515625,18.858963012695312
4886,22.6,19.99,20.225006103515625,18.79765510559082
4901,22.66,20.16,20.287506103515625,18.929767608642578
4916,22.66,20.1,20.287506103515625,18.918546676635742
4931,22.66,20.11,20.287506103515625,18.91637420654297
4946,22.6,20.08,20.162506103515625,18.8750057220459
4961,22.66,20.14,20.225006103515625,18.913219451904297
4976,22.6,20.06,20.100006103515625,18.874469757080078
4991,22.54,20.01,20.162506103515625,18.825809478759766
5006,22.6,20.01,20.162506103515625,18.830780029296875
5021,22.66,20.17,20.287506103515625,18.94938087463379
5036,27.79,20.42,20.350006103515625,18.986791610717773
5051,30.6,20.49,20.287506103515625,19.003637313842773
5066,22.85,20.17,20.225006103515625,18.991167068481445
5081,30.73,20.71,23.787506103515625,19.221166610717773
5096,29.1,20.39,20.475006103515625,19.08449935913086
5111,30.79,21.0,25.225006103515625,19.23131561279297
5126,23.85,20.11,20.912506103515625,18.941909790039062
5141,24.79,20.26,20.975006103515625,19.035600662231445
5157,32.85,22.05,29.787506103515625,20.54450035095215
5172,24.6,20.08,20.225006103515625,18.93444061279297
5187,31.04,20.89,30.537506103515625,20.310392379760742
5202,25.04,20.29,20.412506103515625,19.13705825805664
5217,30.6,21.2,30.600006103515625,22.025035858154297
5232,25.98,20.21,20.600006103515625,19.120391845703125
5247,27.41,20.42,20.475006103515625,19.105005264282227
5262,30.54,20.73,20.725006103515625,19.28693962097168
5277,28.73,20.42,20.475006103515625,19.124916076660156
5292,28.98,20.41,20.412506103515625,19.132118225097656
5307,30.1,20.3,20.350006103515625,19.056791305541992
5322,25.1,20.34,20.350006103515625,19.186464309692383
5337,24.73,20.21,20.475006103515625,19.11116600036621
5352,24.6,20.12,20.287506103515625,19.000213623046875
5367,24.23,20.05,20.162506103515625,18.951671600341797
5382,24.29,20.3,20.287506103515625,19.117565155029297
5397,24.04,20.25,20.287506103515625,19.110570907592773
5412,23.85,20.1,20.162506103515625,18.971731185913086
5427,23.79,20.22,20.287506103515625,19.095481872558594
5442,23.85,20.42,20.412506103515625,19.241046905517578
5457,23.73,20.28,20.287506103515625,19.140810012817383
5472,23.6,20.18,20.225006103515625,19.039737701416016
5487,23.35,20.09,20.100006103515625,18.952266693115234
5502,23.66,20.3,20.975006103515625,19.1225643157959
5517,23.29,20.2,20.225006103515625,19.046165466308594
5532,23.29,20.19,20.162506103515625,19.057832717895508
5547,23.16,20.16,20.162506103515625,19.017654418945312
5562,23.1,20.16,20.162506103515625,18.989826202392578
5577,23.1,20.12,20.162506103515625,18.996761322021484
5592,23.1,20.12,20.162506103515625,19.026405334472656
5608,23.04,20.12,20.225006103515625,19.036672592163086
5623,23.04,20.34,20.287506103515625,19.14822006225586
5638,22.85,20.16,20.162506103515625,19.01074981689453
5653,22.85,20.13,20.162506103515625,19.012147903442383
5668,22.79,20.12,20.100006103515625,18.993844985961914
5683,22.85,20.29,20.350006103515625,19.128250122070312
5698,22.85,20.23,20.350006103515625,19.111909866333008
5713,22.79,20.16,20.287506103515625,19.062297821044922
5728,22.79,20.14,20.225006103515625,19.042089462280273
5743,22.66,20.28,20.350006103515625,19.11812973022461
5758,22.54,20.19,20.350006103515625,19.075660705566406
5773,22.48,20.11,20.225006103515625,18.99970817565918
5788,22.48,20.05,20.225006103515625,18.96378517150879
5803,22.79,20.32,20.350006103515625,19.14997673034668
5818,22.54,20.23,20.287506103515625,19.101701736450195
5833,22.54,20.14,20.225006103515625,19.0518798828125
5848,22.41,20.06,20.162506103515625,18.98545265197754
5863,22.85,20.34,20.350006103515625,19.20973777770996
5878,22.48,20.22,20.287506103515625,19.11890411376953
5893,22.6,20.27,20.412506103515625,19.19286346435547
5908,22.54,20.15,20.412506103515625,19.07530403137207
5923,22.66,20.32,20.412506103515625,19.1686954498291
5938,22.6,20.24,20.287506103515625,19.113248825073242
5953,22.54,20.18,20.350006103515625,19.060361862182617
5968,22.54,20.15,20.287506103515625,19.030868530273438
5983,22.79,20.37,20.287506103515625,19.183517456054688
5998,22.54,20.24,20.287506103515625,19.108755111694336
6014,22.54,20.21,20.350006103515625,19.092952728271484
6029,22.54,20.15,20.350006103515625,19.030481338500977
6044,22.79,20.3,20.350006103515625,19.120838165283203
6059,22.6,20.18,20.225006103515625,19.036701202392578
6074,22.54,20.13,20.225006103515625,19.000185012817383
6089,22.54,20.11,20.162506103515625,18.98140525817871
6104,22.66,20.28,20.225006103515625,19.076047897338867
6119,22.66,20.26,20.225006103515625,19.07991600036621
6134,22.6,20.17,20.225006103515625,19.00301170349121
6149,22.66,20.15,20.225006103515625,18.979530334472656
6164,22.79,20.2,20.225006103515625,18.99488639831543
6179,22.85,20.26,20.287506103515625,19.068130493164062
6194,22.98,20.23,20.287506103515625,19.062744140625
6209,22.98,20.21,20.225006103515625,19.045452117919922
6224,23.04,20.2,20.162506103515625,19.0084285736084
6239,23.23,20.3,20.350006103515625,19.131494522094727
6254,23.16,20.21,20.225006103515625,19.062623977661133
6269,23.16,20.15,20.162506103515625,18.997238159179688
6284,23.23,20.22,20.225006103515625,19.046403884887695
6299,23.41,20.32,20.350006103515625,19.133338928222656
6314,23.41,20.32,20.412506103515625,19.169082641601562
6329,23.48,20.2,20.287506103515625,19.054141998291016
6344,23.48,20.2,20.287506103515625,19.058012008666992
6359,23.66,20.47,20.475006103515625,19.275928497314453
6374,23.48,20.38,20.725006103515625,19.19042205810547
6389,27.85,20.62,20.600006103515625,19.22122573852539
6404,23.35,20.27,20.287506103515625,19.119142532348633
6419,27.79,20.48,20.475006103515625,19.216732025146484
6435,27.98,20.5,20.600006103515625,19.21816062927246
6450,27.66,20.38,20.412506103515625,19.21592903137207
6465,29.29,20.75,22.162506103515625,19.207862854003906
6480,23.79,20.37,20.725006103515625,19.20697021484375
6495,31.23,21.82,29.600006103515625,20.568546295166016
6510,22.85,20.32,20.475006103515625,19.235660552978516
6525,30.1,21.46,30.037506103515625,24.336374282836914
6540,30.79,21.5,30.225006103515625,24.18905258178711
6555,24.41,20.32,23.287506103515625,19.492534637451172
6570,24.1,20.27,22.537506103515625,19.438636779785156
6585,27.85,20.32,22.037506103515625,19.43101692199707
6600,30.73,21.32,21.912506103515625,19.79077911376953
6615,24.73,20.37,21.287506103515625,19.46762466430664
6630,28.98,20.74,21.100006103515625,19.500064849853516
6645,29.04,20.62,20.787506103515625,19.365272521972656
6660,30.16,20.88,20.912506103515625,19.711523056030273
6675,28.35,20.56,20.662506103515625,19.40458869934082
6690,29.04,20.63,20.725006103515625,19.50071907043457
6705,22.66,20.35,20.600006103515625,19.380035400390625
6720,22.85,20.5,20.662506103515625,19.511165618896484
6735,22.66,20.42,20.662506103515625,19.45369529724121
6750,22.6,20.37,20.662506103515625,19.413488388061523
6765,22.6,20.36,20.662506103515625,19.40060043334961
6780,22.98,20.51,20.787506103515625,19.488279342651367
6795,22.6,20.35,20.662506103515625,19.37432098388672
6810,22.6,20.29,20.600006103515625,19.331762313842773
6825,22.66,20.36,20.600006103515625,19.374797821044922
6840,22.79,20.48,20.662506103515625,19.467594146728516
6856,24.79,20.4,20.725006103515625,19.41101837158203
6871,22.66,20.32,20.662506103515625,19.344558715820312
6886,22.6,20.31,20.600006103515625,19.33673095703125
6901,22.79,20.43,20.600006103515625,19.401702880859375
6916,22.6,20.29,20.475006103515625,19.289470672607422
6931,22.6,20.25,20.412506103515625,19.257356643676758
6946,22.54,20.16,20.350006103515625,19.175094604492188
6961,23.1,20.53,20.600006103515625,19.450571060180664
6976,27.35,20.51,20.475006103515625,19.317296981811523
6991,22.79,20.34,20.662506103515625,19.304500579833984
7006,22.66,20.34,20.600006103515625,19.327892303466797
7021,23.04,20.39,20.600006103515625,19.31414222717285
7036,22.79,20.28,20.412506103515625,19.248844146728516
7051,22.6,20.25,20.412506103515625,19.23914337158203
7066,22.54,20.24,20.412506103515625,19.229379653930664
7081,22.98,20.38,20.475006103515625,19.321523666381836
7096,22.6,20.27,20.412506103515625,19.243844985961914
7111,22.6,20.2,20.350006103515625,19.179500579833984
7126,22.6,20.23,20.412506103515625,19.19961929321289
7141,23.04,20.46,20.600006103515625,19.35104751586914
7156,22.66,20.33,20.475006103515625,19.27682113647461
7171,22.6,20.3,20.412506103515625,19.25890350341797
7186,22.66,20.34,20.412506103515625,19.28839874267578
7201,23.04,20.43,20.412506103515625,19.285541534423828
7216,22.66,20.32,20.350006103515625,19.228845596313477
7231,22.6,20.29,20.350006103515625,19.198755264282227
7246,22.54,20.19,20.225006103515625,19.099708557128906
7261,23.1,20.51,20.412506103515625,19.32384490966797
7277,22.85,20.36,20.350006103515625,19.233814239501953
7292,22.79,20.31,20.350006103515625,19.205928802490234
7307,22.66,20.28,20.287506103515625,19.177000045776367
7322,23.16,20.55,20.412506103515625,19.363784790039062
7337,22.85,20.42,20.412506103515625,19.29009437561035
7352,22.85,20.33,20.287506103515625,19.206850051879883
7367,22.66,20.29,20.287506103515625,19.18705940246582
7382,22.98,20.49,20.350006103515625,19.322208404541016
7397,24.35,20.42,20.475006103515625,19.32914161682129
7412,24.79,20.31,20.350006103515625,19.21295166015625
7427,24.73,20.34,20.412506103515625,19.28042221069336
7442,24.66,20.53,20.600006103515625,19.42229652404785
7457,24.6,20.46,20.600006103515625,19.400808334350586
7472,24.41,20.38,20.475006103515625,19.338279724121094
7487,24.35,20.36,20.787506103515625,19.328577041625977
7502,28.85,20.9,20.787506103515625,19.530750274658203
7517,24.85,20.5,20.600006103515625,19.401762008666992
7532,25.16,20.42,20.475006103515625,19.32899284362793
7547,29.29,20.62,20.600006103515625,19.313695907592773
7562,26.85,20.69,20.662506103515625,19.4415225982666
7577,26.48,20.59,20.662506103515625,19.42143440246582
7592,24.66,20.46,20.662506103515625,19.356582641601562
7607,30.41,21.5,20.975006103515625,19.4206600189209
7622,25.1,20.47,20.600006103515625,19.40191078186035
7637,29.66,21.69,28.850006103515625,25.17396354675293
7652,24.73,20.49,21.350006103515625,19.630661010742188
7667,29.48,20.63,21.037506103515625,19.565898895263672
7683,31.35,20.7,20.850006103515625,19.562326431274414
7698,24.98,20.57,20.850006103515625,19.59792137145996
7713,30.73,20.64,20.787506103515625,19.524202346801758
7728,29.98,21.16,21.725006103515625,19.771286010742188
7743,24.6,20.42,20.662506103515625,19.45765495300293
7758,28.85,20.91,20.850006103515625,19.61768341064453
7773,25.35,20.48,20.725006103515625,19.4975643157959
7788,28.79,20.83,20.725006103515625,19.565452575683594
7803,24.73,20.37,20.662506103515625,19.38497543334961
7818,29.16,20.8,20.787506103515625,19.617921829223633
7833,25.1,20.47,20.662506103515625,19.500123977661133
7848,24.6,20.42,20.662506103515625,19.44387435913086
7863,24.6,20.4,20.600006103515625,19.429677963256836
7878,24.79,20.53,20.600006103515625,19.511375427246094
7893,24.66,20.52,20.662506103515625,19.525035858154297
7908,24.73,20.5,20.662506103515625,19.511016845703125
7923,27.6,20.55,20.600006103515625,19.472089767456055
7938,22.79,20.45,20.600006103515625,19.45420265197754
7953,22.54,20.39,20.600006103515625,19.436107635498047
7968,22.6,20.41,20.600006103515625,19.469558715820312
7983,22.6,20.4,20.600006103515625,19.457326889038086
7998,22.91,20.57,20.662506103515625,19.56191062927246
8013,22.79,20.45,20.600006103515625,19.467506408691406
8028,22.6,20.43,20.662506103515625,19.459171295166016
8043,22.48,20.28,20.412506103515625,19.318309783935547
8058,22.91,20.58,20.725006103515625,19.579946517944336
8073,22.85,20.52,20.725006103515625,19.54857635498047
8088,22.79,20.46,20.725006103515625,19.501672744750977
8103,22.6,20.41,20.662506103515625,19.452356338500977
8119,22.91,20.55,20.662506103515625,19.517536163330078
8134,22.66,20.39,20.600006103515625,19.39408302307129
8149,22.66,20.36,20.475006103515625,19.37179183959961
8164,22.66,20.31,20.600006103515625,19.318161010742188
8179,23.1,20.62,20.725006103515625,19.593576431274414
8194,22.79,20.46,20.600006103515625,19.453100204467773
8209,22.66,20.4,20.600006103515625,19.411672592163086
8224,22.54,20.33,20.412506103515625,19.349647521972656
8239,22.91,20.55,20.725006103515625,19.548458099365234
8254,27.29,20.56,20.725006103515625,19.563547134399414
8269,27.16,20.51,20.662506103515625,19.51051139831543
8284,27.1,20.53,20.662506103515625,19.533905029296875
8299,26.6,20.55,20.662506103515625,19.479351043701172
8314,26.48,20.48,20.600006103515625,19.466136932373047
8329,26.41,20.41,20.600006103515625,19.41107749938965
8344,26.54,20.43,20.475006103515625,19.443161010742188
8359,26.85,20.67,20.787506103515625,19.62417221069336
8374,26.41,20.53,20.662506103515625,19.533309936523438
8389,26.29,20.49,20.662506103515625,19.530540466308594
8404,26.35,20.55,20.662506103515625,19.605422973632812
8419,26.54,20.71,20.787506103515625,19.702415466308594
8434,26.41,20.58,20.725006103515625,19.614351272583008
8449,26.29,20.48,20.600006103515625,19.527118682861328
8464,26.16,20.38,20.600006103515625,19.42298126220703
8479,26.54,20.62,20.725006103515625,19.60342788696289
8494,26.35,20.47,20.662506103515625,19.497446060180664
8509,26.23,20.44,20.600006103515625,19.483606338500977
8525,26.29,20.49,20.662506103515625,19.538755416870117
8540,26.6,20.68,20.725006103515625,19.647356033325195
8555,26.35,20.52,20.662506103515625,19.54536247253418
8570,26.35,20.51,20.600006103515625,19.534767150878906
8585,26.23,20.4,20.475006103515625,19.44976806640625
8600,26.6,20.66,20.662506103515625,19.625244140625
8615,27.04,20.56,20.662506103515625,19.582534790039062
8630,26.41,20.54,20.662506103515625,19.56595802307129
8645,25.73,20.54,20.662506103515625,19.582714080810547
8660,26.48,20.66,20.662506103515625,19.63107681274414
8675,26.29,20.66,20.787506103515625,19.703636169433594
8690,26.16,20.71,20.787506103515625,19.757923126220703
8705,26.1,20.67,20.850006103515625,19.744945526123047
8720,26.04,20.88,20.975006103515625,19.88229751586914
8735,28.79,21.03,21.037506103515625,19.846046447753906
8750,28.16,20.91,20.975006103515625,19.760303497314453
8765,27.66,20.79,20.787506103515625,19.642654418945312
8780,28.91,21.06,20.975006103515625,19.817119598388672
8795,28.79,20.9,20.912506103515625,19.755809783935547
8810,28.29,20.7,20.850006103515625,19.69717788696289
8825,25.66,20.62,20.725006103515625,19.66095733642578
8840,30.41,21.39,24.100006103515625,19.811464309692383
8855,25.85,20.75,20.912506103515625,19.765838623046875
8870,31.73,22.18,28.100006103515625,20.40143394470215
8885,26.04,20.72,24.787506103515625,19.885421752929688
8900,30.85,21.96,28.912506103515625,26.01372528076172
8915,30.41,21.58,21.537506103515625,20.33405303955078
8930,28.1,21.07,21.350006103515625,20.070510864257812
8946,28.91,21.0,21.287506103515625,20.008338928222656
8961,29.48,21.29,21.350006103515625,20.181196212768555
8976,30.41,21.25,21.412506103515625,20.1466121673584
8991,27.66,20.89,21.100006103515625,19.984024047851562
9006,28.1,20.87,21.037506103515625,19.91545295715332
9021,27.66,20.9,21.037506103515625,19.914945602416992
9036,28.29,20.92,21.037506103515625,19.962059020996094
9051,27.73,20.93,21.037506103515625,19.978487014770508
9066,27.91,20.99,21.100006103515625,20.007387161254883
9081,27.85,20.95,21.100006103515625,19.952653884887695
9096,28.79,21.13,21.287506103515625,20.099023818969727
9111,28.41,21.04,21.287506103515625,20.042327880859375
9126,27.98,20.97,21.100006103515625,19.964885711669922
9141,28.35,20.93,21.100006103515625,19.933040618896484
9156,25.79,20.81,21.037506103515625,19.992624282836914
9171,26.29,20.69,20.975006103515625,19.898815155029297
9186,26.04,20.63,20.975006103515625,19.825719833374023
9201,26.04,20.56,20.850006103515625,19.759798049926758
9216,25.91,20.7,20.912506103515625,19.86574935913086
9231,26.04,20.57,20.787506103515625,19.750988006591797
9246,25.23,20.44,20.725006103515625,19.64539337158203
9261,25.23,20.4,20.662506103515625,19.59958839416504
9276,25.6,20.7,20.912506103515625,19.848726272583008
9291,25.35,20.58,20.787506103515625,19.761404037475586
9306,25.29,20.56,20.787506103515625,19.7584285736084
9321,25.85,20.57,20.787506103515625,19.761226654052734
9336,25.73,20.83,20.975006103515625,19.976909637451172
9352,25.41,20.71,20.912506103515625,19.890213012695312
9367,25.23,20.58,20.787506103515625,19.762624740600586
9382,25.29,20.62,20.912506103515625,19.828189849853516
9397,26.48,20.75,20.912506103515625,19.935630798339844
9412,25.98,20.7,20.912506103515625,19.92274284362793
9427,25.91,20.5,20.725006103515625,19.71149444580078
9442,25.98,20.49,20.787506103515625,19.726016998291016
9457,26.29,20.62,20.787506103515625,19.790660858154297
9472,26.16,20.59,20.787506103515625,19.7788143157959
9487,26.16,20.58,20.787506103515625,19.800214767456055
9502,26.41,20.64,20.787506103515625,19.742773056030273
9517,26.35,20.74,20.975006103515625,19.902416229248047
9532,26.35,20.68,20.912506103515625,19.873577117919922
9547,26.16,20.65,20.912506103515625,19.849231719970703
9562,26.16,20.64,20.850006103515625,19.83405303955078
9577,26.29,20.76,20.912506103515625,19.92473793029785
9592,26.16,20.67,20.850006103515625,19.87241554260254
9607,25.98,20.59,20.787506103515625,19.81113624572754
9622,26.1,20.59,20.850006103515625,19.819677352905273
9637,26.35,20.79,20.912506103515625,19.966672897338867
9652,26.16,20.71,20.850006103515625,19.924589157104492
9667,25.98,20.6,20.787506103515625,19.819351196289062
9682,25.85,20.62,20.787506103515625,19.87188148498535
9697,26.29,20.82,20.912506103515625,20.005897521972656
9712,26.04,20.7,20.850006103515625,19.936195373535156
9727,25.98,20.65,20.850006103515625,19.90667152404785
9742,25.98,20.67,20.850006103515625,19.93866539001465
9757,25.91,20.9,20.975006103515625,20.093130111694336
9772,25.66,20.72,20.850006103515625,19.960124969482422
9788,26.29,20.66,20.787506103515625,19.9206600189209
9803,25.91,20.5,20.662506103515625,19.75982666015625
9818,26.35,20.86,20.850006103515625,20.04381561279297
9833,26.23,20.78,20.912506103515625,20.02083969116211
9848,26.16,20.86,20.975006103515625,20.104202270507812
9863,26.16,20.85,20.975006103515625,20.1106014251709
9878,26.29,21.0,21.100006103515625,20.227535247802734
9893,25.91,20.87,21.100006103515625,20.156940460205078
9908,25.85,20.79,20.975006103515625,20.093399047851562
9923,25.73,20.72,20.912506103515625,20.040332794189453
9938,27.48,21.13,21.100006103515625,20.22482681274414
9953,25.85,20.84,21.037506103515625,20.12640380859375
9968,27.16,20.95,21.100006103515625,20.087535858154297
9983,29.1,21.12,24.037506103515625,20.16515350341797
9998,27.91,21.06,21.037506103515625,20.061046600341797
10013,29.66,21.27,21.412506103515625,20.147445678710938
10028,25.41,20.72,21.037506103515625,20.073814392089844
10043,28.48,21.44,21.162506103515625,20.10747528076172
10058,31.29,22.32,27.100006103515625,20.688547134399414
10073,30.1,21.61,29.037506103515625,24.3377742767334
10088,25.41,20.82,23.350006103515625,20.517475128173828
10103,30.48,21.54,21.412506103515625,20.413785934448242
10118,25.66,20.95,21.287506103515625,20.42060089111328
10133,29.54,21.32,21.412506103515625,20.433666229248047
10148,28.91,21.06,21.162506103515625,20.293397903442383
10163,29.98,21.18,21.537506103515625,20.38068962097168
10178,29.79,21.37,21.412506103515625,20.49274444580078
10194,25.41,20.83,21.100006103515625,20.30003547668457
10209,25.41,20.77,21.100006103515625,20.261106491088867
10224,25.48,20.71,21.037506103515625,20.222505569458008
10239,26.1,21.0,21.162506103515625,20.41116714477539
10254,26.6,20.83,21.037506103515625,20.268428802490234
10269,26.54,20.74,21.037506103515625,20.197446823120117
10284,26.6,20.72,20.975006103515625,20.191940307617188
10299,27.04,20.97,21.100006103515625,20.3824462890625
10314,27.04,20.9,21.100006103515625,20.36812973022461
10329,26.48,20.79,20.975006103515625,20.24580955505371
10344,26.54,20.74,20.912506103515625,20.229618072509766
10359,27.04,20.84,21.100006103515625,20.308725357055664
10374,27.04,20.91,21.162506103515625,20.42655372619629
10389,26.85,20.84,21.100006103515625,20.357982635498047
10404,26.73,20.84,21.100006103515625,20.36750602722168
10419,26.54,20.9,21.162506103515625,20.39232635498047
10434,26.85,20.88,21.162506103515625,20.396434783935547
10449,26.85,20.94,21.287506103515625,20.458845138549805
10464,26.73,20.91,21.287506103515625,20.436166763305664
10479,26.29,20.86,21.100006103515625,20.35426139831543
10494,26.29,20.98,21.350006103515625,20.501998901367188
10509,26.73,20.93,21.287506103515625,20.47107696533203
10524,26.66,20.89,21.287506103515625,20.456552505493164
10539,26.73,20.86,21.162506103515625,20.422922134399414
10554,26.35,20.94,21.162506103515625,20.48095703125
10569,26.04,20.88,21.100006103515625,20.459470748901367
10584,26.1,20.86,21.100006103515625,20.449857711791992
10600,26.16,20.86,21.162506103515625,20.43836784362793
10615,26.29,20.93,21.162506103515625,20.48807144165039
10630,26.41,20.88,21.287506103515625,20.468725204467773
10645,26.1,20.8,21.100006103515625,20.40250587463379
10660,25.98,20.78,21.100006103515625,20.409351348876953
10675,26.29,21.04,21.350006103515625,20.647119522094727
10690,26.35,20.98,21.350006103515625,20.622892379760742
10705,26.41,20.94,21.287506103515625,20.581344604492188
10720,26.1,20.88,21.162506103515625,20.534141540527344
10735,26.35,20.95,21.287506103515625,20.576969146728516
10750,26.1,21.02,21.412506103515625,20.678308486938477
10765,26.04,20.9,21.287506103515625,20.552654266357422
10780,26.1,20.94,21.350006103515625,20.600006103515625
10795,26.41,21.07,21.412506103515625,20.703369140625
10810,26.16,21.02,21.412506103515625,20.685422897338867
10825,26.23,21.01,21.412506103515625,20.681791305541992
10840,26.23,21.04,21.412506103515625,20.708696365356445
10855,26.6,21.23,21.600006103515625,20.857892990112305
10870,26.48,21.13,21.600006103515625,20.798219680786133
10885,25.91,21.13,21.600006103515625,20.820690155029297
10900,25.85,21.11,21.537506103515625,20.8040828704834
10915,26.23,21.25,21.662506103515625,20.906850814819336
10930,28.29,21.5,21.725006103515625,20.91890525817871
10945,31.73,21.53,21.912506103515625,20.976791381835938
10960,26.04,21.1,21.537506103515625,20.82408332824707
10975,29.54,21.63,21.850006103515625,21.01449966430664
10990,26.1,21.3,21.787506103515625,20.98256492614746
11005,27.79,21.35,21.787506103515625,20.956701278686523
11021,30.85,21.73,22.162506103515625,20.985719680786133
11036,29.85,21.66,22.162506103515625,21.19411277770996
11051,31.66,22.75,27.850006103515625,21.745304107666016
11066,31.48,22.19,29.037506103515625,23.105361938476562
11081,31.29,22.11,24.225006103515625,21.48072052001953
11096,31.35,21.8,22.412506103515625,21.40083885192871
11111,28.1,21.58,22.162506103515625,21.28363609313965
11126,28.04,21.49,22.037506103515625,21.21845817565918
11141,29.54,21.38,22.162506103515625,21.199440002441406
11156,25.98,21.4,21.912506103515625,21.20574951171875
11171,25.98,21.28,21.912506103515625,21.112802505493164
11186,25.79,21.17,21.787506103515625,21.008159637451172
11201,25.73,21.13,21.662506103515625,20.96961784362793
11216,26.16,21.25,21.787506103515625,21.069171905517578
11231,25.85,21.16,21.725006103515625,21.02461814880371
11246,28.79,21.23,21.725006103515625,21.024023056030273
11261,25.98,21.15,21.725006103515625,21.011821746826172
11276,26.1,21.32,21.787506103515625,21.130720138549805
11291,26.1,21.27,21.787506103515625,21.126195907592773
11306,25.98,21.17,21.662506103515625,21.037952423095703
11321,25.91,21.12,21.600006103515625,20.99717903137207
11336,26.35,21.4,21.787506103515625,21.179349899291992
11351,26.1,21.21,21.662506103515625,21.03952980041504
11366,25.91,21.08,21.537506103515625,20.922683715820312
11381,25.85,21.02,21.475006103515625,20.862892150878906
11396,26.29,21.35,21.787506103515625,21.131433486938477
11411,26.1,21.25,21.662506103515625,21.094022750854492
11426,26.1,21.24,21.725006103515625,21.09092903137207
11442,26.04,21.25,21.662506103515625,21.108488082885742
11457,26.29,21.31,21.600006103515625,21.08333969116211
11472,26.1,21.29,21.725006103515625,21.138845443725586
11487,26.04,21.28,21.725006103515625,21.128786087036133
11502,25.85,21.08,21.475006103515625,20.938339233398438
11517,26.16,21.29,21.662506103515625,21.084321975708008
11532,26.16,21.32,21.725006103515625,21.18262481689453
11547,26.04,21.29,21.662506103515625,21.15741539001465
11562,26.04,21.19,21.600006103515625,21.062387466430664
11577,26.29,21.37,21.725006103515625,21.20452880859375
11592,26.23,21.23,21.662506103515625,21.11390495300293
11607,26.1,21.18,21.600006103515625,21.065481185913086
11622,26.04,21.13,21.537506103515625,21.023666381835938
11637,26.35,21.3,21.662506103515625,21.14723777770996
11652,26.29,21.25,21.600006103515625,21.140748977661133
11667,26.29,21.25,21.662506103515625,21.172386169433594
11682,26.16,21.24,21.662506103515625,21.166433334350586
11697,26.29,21.32,21.662506103515625,21.186641693115234
11712,26.35,21.4,21.787506103515625,21.300987243652344
11727,26.23,21.36,21.787506103515625,21.27750587463379
11742,26.23,21.39,21.850006103515625,21.32164192199707
11757,26.29,21.41,21.725006103515625,21.291494369506836
11772,26.23,21.42,21.787506103515625,21.33833885192871
11787,26.23,21.5,21.912506103515625,21.444618225097656
11802,26.1,21.38,21.850006103515625,21.333398818969727
11817,26.23,21.45,21.850006103515625,21.34568977355957
11832,26.29,21.49,21.850006103515625,21.412147521972656
11848,26.16,21.44,21.912506103515625,21.392772674560547
11863,26.1,21.43,21.850006103515625,21.383874893188477
11878,26.16,21.47,21.912506103515625,21.418964385986328
11893,26.16,21.5,21.850006103515625,21.44700050354004
11908,26.1,21.45,21.850006103515625,21.424945831298828
11923,26.1,21.46,21.912506103515625,21.45060157775879
11938,25.98,21.42,21.850006103515625,21.39899444580078
11953,26.16,21.54,22.100006103515625,21.522296905517578
11968,26.1,21.48,22.037506103515625,21.4906005859375
11983,26.1,21.45,22.100006103515625,21.469440460205078
11998,26.04,21.39,21.912506103515625,21.414827346801758
12013,26.29,21.51,21.912506103515625,21.518754959106445
12028,26.23,21.47,21.912506103515625,21.495304107666016
12043,26.23,21.48,22.037506103515625,21.51616668701172
12058,26.23,21.49,22.100006103515625,21.528339385986328
12073,26.48,21.63,22.162506103515625,21.61473846435547
12088,26.35,21.56,22.100006103515625,21.57440948486328
12103,26.35,21.51,22.100006103515625,21.53607749938965
12118,26.29,21.48,22.037506103515625,21.525243759155273
12133,26.48,21.61,22.162506103515625,21.633934020996094
12148,26.29,21.52,22.100006103515625,21.572683334350586
12163,26.23,21.47,22.100006103515625,21.541582107543945
12178,26.23,21.44,22.037506103515625,21.52408218383789
12193,26.48,21.63,22.162506103515625,21.638368606567383
12208,26.23,21.44,21.912506103515625,21.496047973632812
12223,26.04,21.33,21.850006103515625,21.406373977661133
12238,25.98,21.23,21.725006103515625,21.312118530273438
12253,26.23,21.39,21.850006103515625,21.45024299621582
12269,26.04,21.31,21.850006103515625,21.41521453857422
12284,25.98,21.26,21.725006103515625,21.38021469116211
12299,26.04,21.22,21.725006103515625,21.341880798339844
12314,26.54,21.52,22.100006103515625,21.5821475982666
12329,26.41,21.44,21.912506103515625,21.537654876708984
12344,26.29,21.37,21.850006103515625,21.4836368560791
12359,26.35,21.33,21.850006103515625,21.457624435424805
12374,26.48,21.49,22.037506103515625,21.56702995300293
12389,26.41,21.42,21.912506103515625,21.538904190063477
12404,26.35,21.37,21.912506103515625,21.50164222717285
12419,26.23,21.31,21.850006103515625,21.471582412719727
12434,26.41,21.47,22.037506103515625,21.57560157775879
12449,26.16,21.38,21.912506103515625,21.535154342651367
12464,26.16,21.33,21.912506103515625,21.512178421020508
12479,26.1,21.29,21.850006103515625,21.473339080810547
12494,26.35,21.47,21.912506103515625,21.587177276611328
12509,26.29,21.39,21.912506103515625,21.553993225097656
12524,26.16,21.34,21.912506103515625,21.5288143157959
12539,26.16,21.35,21.912506103515625,21.53577995300293
12554,26.66,21.64,22.100006103515625,21.719083786010742
12569,26.48,21.56,22.100006103515625,21.69095802307129
12584,26.35,21.51,22.100006103515625,21.658161163330078
12599,26.35,21.51,22.100006103515625,21.673547744750977
12614,26.48,21.6,22.225006103515625,21.74863624572754
12629,26.29,21.47,22.100006103515625,21.680601119995117
12644,26.23,21.39,22.037506103515625,21.622743606567383
12659,26.04,21.38,22.037506103515625,21.625808715820312
12674,26.48,21.62,22.225006103515625,21.77973747253418
12690,26.35,21.53,22.225006103515625,21.755599975585938
12705,26.23,21.47,22.162506103515625,21.71792221069336
12720,26.23,21.46,22.162506103515625,21.7227725982666
12735,26.6,21.71,22.287506103515625,21.905927658081055
12750,26.35,21.63,22.287506103515625,21.87232780456543
12765,26.35,21.65,22.350006103515625,21.917625427246094
12780,26.41,21.69,22.412506103515625,21.96470832824707
12795,26.66,21.86,22.475006103515625,22.096464157104492
12810,26.54,21.8,22.475006103515625,22.087923049926758
12825,26.41,21.81,22.537506103515625,22.128101348876953
12840,26.35,21.8,22.537506103515625,22.134885787963867
12855,26.73,21.94,22.600006103515625,22.20851707458496
12870,26.41,21.82,22.537506103515625,22.146821975708008
12885,26.35,21.78,22.537506103515625,22.131315231323242
12900,26.35,21.76,22.537506103515625,22.125690460205078
12915,26.54,21.94,22.600006103515625,22.238784790039062
12930,26.29,21.71,22.475006103515625,22.052623748779297
12945,26.23,21.59,22.412506103515625,21.945720672607422
12960,26.16,21.52,22.350006103515625,21.884321212768555
12975,26.48,21.87,22.662506103515625,22.212743759155273
12990,26.35,21.77,22.600006103515625,22.16568946838379
13005,26.29,21.69,22.537506103515625,22.10202980041504
13020,26.35,21.69,22.537506103515625,22.116315841674805
13035,26.54,21.89,22.850006103515625,22.277000427246094
13050,26.35,21.82,22.787506103515625,22.252742767333984
13065,26.35,21.77,22.787506103515625,22.230749130249023
13080,26.48,21.82,22.850006103515625,22.292625427246094
13095,26.6,21.89,22.850006103515625,22.311613082885742
13110,26.54,21.83,22.912506103515625,22.30125617980957
13126,26.41,21.84,22.912506103515625,22.33128547668457
13141,26.41,21.82,22.912506103515625,22.323129653930664
13156,26.73,21.96,23.037506103515625,22.41057014465332
13171,26.66,21.9,22.975006103515625,22.390661239624023
13186,26.48,21.82,22.912506103515625,22.338279724121094
13201,26.48,21.8,22.912506103515625,22.34086799621582
13216,26.6,21.92,22.912506103515625,22.393457412719727
13231,26.66,21.98,23.037506103515625,22.470809936523438
13246,26.48,21.92,22.975006103515625,22.43896484375
13261,26.29,21.82,22.912506103515625,22.359350204467773
13276,26.29,21.9,22.912506103515625,22.425125122070312
13291,26.35,21.89,22.912506103515625,22.42542266845703
13306,26.16,21.76,22.850006103515625,22.327861785888672
13321,26.1,21.61,22.787506103515625,22.195392608642578
13336,26.23,21.72,22.787506103515625,22.271493911743164
13351,26.35,21.75,22.850006103515625,22.296344757080078
13366,26.29,21.7,22.850006103515625,22.285839080810547
13381,26.23,21.73,22.850006103515625,22.324142456054688
13396,26.23,21.75,22.850006103515625,22.343427658081055
13411,26.41,21.96,23.100006103515625,22.52092742919922
13426,26.48,21.91,23.100006103515625,22.502565383911133
13441,26.41,21.89,23.037506103515625,22.49750518798828
13456,26.41,21.84,22.975006103515625,22.454410552978516
13471,26.41,21.86,22.975006103515625,22.45420265197754
13486,26.23,21.71,22.850006103515625,22.343814849853516
13501,26.35,21.62,22.850006103515625,22.271196365356445
13516,26.29,21.56,22.787506103515625,22.23170280456543
13531,26.54,21.81,22.912506103515625,22.409231185913086
13547,26.35,21.7,22.850006103515625,22.3487548828125
13562,26.35,21.7,22.850006103515625,22.357088088989258
13577,26.48,21.74,22.912506103515625,22.394113540649414
13592,26.85,21.95,23.037506103515625,22.549320220947266
13607,26.54,21.85,22.975006103515625,22.482385635375977
13622,26.35,21.76,22.912506103515625,22.421939849853516
13637,26.35,21.72,22.912506103515625,22.380332946777344
13652,26.6,21.96,23.100006103515625,22.576671600341797
13667,26.41,21.84,23.100006103515625,22.490631103515625
13682,26.35,21.74,22.912506103515625,22.40735626220703
13697,26.1,21.68,22.912506103515625,22.361225128173828
13712,26.35,21.86,23.037506103515625,22.498249053955078
13727,26.16,21.73,22.912506103515625,22.413101196289062
13742,26.16,21.85,23.037506103515625,22.55018424987793
13757,26.23,21.85,23.037506103515625,22.555124282836914
13772,26.41,22.02,23.162506103515625,22.67723846435547
13787,26.16,21.92,23.100006103515625,22.607892990112305
13802,26.41,21.84,23.100006103515625,22.548786163330078
13817,26.6,21.8,23.037506103515625,22.499231338500977
13832,26.6,21.92,23.100006103515625,22.560482025146484
13847,26.73,21.95,23.225006103515625,22.61063003540039
13862,27.1,21.78,23.100006103515625,22.470094680786133
13877,26.73,21.77,22.975006103515625,22.468219757080078
13892,27.23,21.99,23.100006103515625,22.602237701416016
13907,26.48,21.86,23.037506103515625,22.54866600036621
13922,26.35,21.81,23.037506103515625,22.51616668701172
13937,27.04,21.84,23.100006103515625,22.533458709716797
13952,26.54,22.03,23.162506103515625,22.635421752929688
13968,29.79,22.26,23.162506103515625,22.643516540527344
13983,29.73,22.19,23.162506103515625,22.62470817565918
13998,30.6,22.27,23.162506103515625,22.586702346801758
14013,31.48,22.66,23.600006103515625,22.757387161254883
14028,29.66,22.05,23.287506103515625,22.67595863342285
14043,30.54,22.58,24.850006103515625,22.93155288696289
14058,27.6,21.86,23.225006103515625,22.637386322021484
14073,29.04,22.25,23.287506103515625,22.878963470458984
14088,30.23,22.42,23.412506103515625,23.02497673034668
14103,26.23,22.11,23.475006103515625,22.86444091796875
14118,26.23,22.07,23.287506103515625,22.820571899414062
14133,29.1,22.44,23.600006103515625,23.0352725982666
14148,26.16,22.08,23.225006103515625,22.864797592163086
14163,27.54,22.02,23.350006103515625,22.782089233398438
14178,25.98,21.97,23.287506103515625,22.73914337158203
14193,26.29,22.2,23.287506103515625,22.930034637451172
14208,26.1,22.08,23.350006103515625,22.853219985961914
14223,26.04,21.96,23.225006103515625,22.73944091796875
14238,29.29,21.93,23.162506103515625,22.649677276611328
14253,27.91,22.1,23.225006103515625,22.778785705566406
14268,26.85,21.97,23.225006103515625,22.71417236328125
14283,26.29,21.96,23.287506103515625,22.722475051879883
14298,26.54,22.11,23.287506103515625,22.8031005859375
14313,26.73,22.25,23.350006103515625,22.931612014770508
14328,26.48,22.11,23.287506103515625,22.830780029296875
14343,31.73,22.58,30.912506103515625,23.213428497314453
14358,26.35,22.01,23.287506103515625,22.780391693115234
14373,26.6,22.1,23.287506103515625,22.806583404541016
14389,26.73,22.02,23.287506103515625,22.77444076538086
14404,26.73,22.01,23.287506103515625,22.792089462280273
14419,26.85,21.9,23.162506103515625,22.644052505493164
14434,26.85,22.07,23.225006103515625,22.779111862182617
14449,26.66,21.93,23.225006103515625,22.66607666015625
14464,26.16,21.82,23.100006103515625,22.575273513793945
14479,26.1,21.83,23.100006103515625,22.59774398803711
14494,26.54,22.15,23.287506103515625,22.84429168701172
14509,26.48,22.08,23.287506103515625,22.79842758178711
14524,26.41,22.09,23.287506103515625,22.83878517150879
14539,26.35,22.02,23.287506103515625,22.75958824157715
14554,26.41,21.97,23.162506103515625,22.685422897338867
14569,26.29,21.9,23.225006103515625,22.6468505859375
14584,26.35,21.84,23.162506103515625,22.604738235473633
14599,26.35,21.78,23.100006103515625,22.55792236328125
14614,26.73,21.99,23.225006103515625,22.698101043701172
14629,26.85,21.98,23.287506103515625,22.712923049926758
14644,26.85,21.93,23.225006103515625,22.678546905517578
14659,26.98,21.89,23.225006103515625,22.639558792114258
14674,27.23,22.05,23.350006103515625,22.756404876708984
14689,27.35,22.07,23.350006103515625,22.78693962097168
14704,27.35,22.02,23.287506103515625,22.75286293029785
14719,27.29,21.83,23.162506103515625,22.543933868408203
14734,27.41,21.85,23.162506103515625,22.55072021484375
14749,27.54,21.94,23.225006103515625,22.64577865600586
14764,27.54,21.89,23.225006103515625,22.622802734375
14779,27.66,21.88,23.225006103515625,22.634380340576172
14795,27.79,21.89,23.225006103515625,22.625036239624023
14810,27.91,22.01,23.287506103515625,22.738964080810547
14825,28.6,22.06,23.412506103515625,22.7899169921875
14840,27.91,21.98,23.287506103515625,22.7428035736084
14855,28.04,21.87,23.225006103515625,22.630779266357422
14870,28.23,21.96,23.287506103515625,22.694974899291992
14885,27.35,21.83,23.162506103515625,22.58572006225586
14900,27.35,21.75,23.100006103515625,22.518815994262695
14915,27.41,21.77,23.162506103515625,22.533248901367188
14930,27.6,21.98,23.287506103515625,22.677595138549805
14945,27.66,21.93,23.225006103515625,22.652565002441406
14960,27.66,21.91,23.287506103515625,22.6334285736084
14975,27.66,21.86,23.225006103515625,22.59247589111328
14990,27.85,22.0,23.350006103515625,22.735124588012695
15005,27.85,21.9,23.287506103515625,22.674558639526367
15020,27.91,21.85,23.225006103515625,22.63979721069336
15035,26.29,21.85,23.287506103515625,22.650392532348633
15050,26.1,22.01,23.287506103515625,22.77521324157715
15065,25.91,21.93,23.350006103515625,22.727624893188477
15080,26.48,21.88,23.287506103515625,22.671344757080078
15095,27.48,22.06,23.287506103515625,22.66729736328125
15110,26.41,22.05,23.350006103515625,22.80723762512207
15125,27.91,22.11,23.412506103515625,22.817296981811523
15140,26.98,22.14,23.412506103515625,22.853755950927734
15155,28.73,22.58,26.600006103515625,23.387624740600586
15170,25.91,22.07,24.350006103515625,22.89116668701172
15185,29.48,22.45,23.475006103515625,22.977773666381836
15201,25.85,21.84,25.787506103515625,22.88551139831543
15216,27.16,22.27,24.537506103515625,22.97658348083496
15231,26.16,22.08,23.412506103515625,22.954469680786133
15246,27.85,22.29,23.475006103515625,23.01256561279297
15261,25.85,21.9,23.350006103515625,22.815542221069336
15276,29.23,22.16,23.412506103515625,22.876493453979492
15291,26.23,22.11,23.412506103515625,22.953041076660156
15306,29.35,22.16,23.350006103515625,22.905332565307617
15321,25.48,21.85,23.287506103515625,22.7492618560791
15336,26.85,21.96,23.350006103515625,22.759946823120117
15351,26.35,22.19,23.600006103515625,22.983457565307617
15366,25.85,22.1,23.475006103515625,22.949678421020508
15381,26.35,22.04,23.412506103515625,22.889738082885742
15396,25.98,21.98,23.412506103515625,22.82447052001953
15411,26.23,22.13,23.475006103515625,22.920005798339844
15426,25.98,21.99,23.412506103515625,22.81610679626465
15441,25.73,21.95,23.412506103515625,22.78348731994629
15456,25.66,21.9,23.350006103515625,22.742029190063477
15471,26.23,22.06,23.475006103515625,22.882326126098633
15486,31.6,22.08,23.475006103515625,22.848100662231445
15501,31.6,22.05,23.475006103515625,22.847415924072266
15516,23.35,21.91,23.350006103515625,22.819440841674805
15531,25.35,22.23,23.725006103515625,23.03241539001465
15546,24.66,22.13,23.600006103515625,22.9930419921875
15561,24.41,22.06,23.662506103515625,22.954708099365234
15576,24.54,22.03,23.600006103515625,22.92411231994629
15591,24.91,22.19,23.725006103515625,23.023279190063477
15606,31.29,22.13,23.600006103515625,22.946880340576172
15622,30.35,22.17,23.475006103515625,22.925125122070312
15637,31.35,22.52,23.600006103515625,22.92619514465332
15652,25.98,22.26,23.662506103515625,23.084558486938477
15667,23.79,22.05,23.475006103515625,22.945571899414062
15682,27.29,21.92,23.350006103515625,22.798160552978516
15697,23.6,21.82,23.350006103515625,22.718250274658203
15712,23.66,22.05,23.475006103515625,22.89432144165039
15727,25.16,21.99,23.475006103515625,22.86643409729004
15742,23.66,22.01,23.600006103515625,22.92473793029785
15757,23.66,22.04,23.662506103515625,22.959619522094727
15772,23.66,22.21,23.662506103515625,23.020898818969727
15787,23.66,22.08,23.600006103515625,22.939559936523438
15802,23.66,21.99,23.600006103515625,22.866731643676758
15817,23.66,21.97,23.475006103515625,22.83771324157715
15832,23.73,22.13,23.662506103515625,22.971492767333984
15847,23.73,22.04,23.600006103515625,22.927326202392578
15862,29.23,22.15,23.600006103515625,22.917861938476562
15877,23.98,22.02,23.662506103515625,22.92658233642578
15892,28.48,22.4,23.725006103515625,23.062744140625
15907,24.54,22.1,23.662506103515625,22.987594604492188
15922,31.16,22.54,23.725006103515625,23.028488159179688
15937,30.79,22.72,25.287506103515625,22.946910858154297
15952,30.35,22.97,25.162506103515625,23.068666458129883
15967,32.29,23.46,29.537506103515625,25.380571365356445
15982,32.54,23.15,29.787506103515625,25.33098793029785
15997,31.16,22.59,29.100006103515625,23.33696937561035
16012,32.41,23.43,29.475006103515625,25.412981033325195
16028,31.48,23.3,28.350006103515625,24.398725509643555
16043,31.85,23.17,29.600006103515625,23.566137313842773
16058,30.29,22.71,29.475006103515625,25.606821060180664
16073,26.85,22.27,26.225006103515625,23.383100509643555
16088,30.79,22.85,24.350006103515625,23.428844451904297
16103,29.1,22.45,23.975006103515625,23.19411277770996
16118,25.23,22.1,23.662506103515625,23.07988739013672
16133,28.04,22.4,23.600006103515625,23.1165828704834
16148,30.23,22.53,23.787506103515625,23.20482635498047
16163,27.48,22.28,23.662506103515625,23.114826202392578
16178,23.91,22.16,23.662506103515625,23.1086368560791
16193,23.85,22.06,23.725006103515625,23.03961944580078
16208,23.85,22.12,23.725006103515625,23.07753562927246
16223,23.79,21.98,23.475006103515625,22.958101272583008
16238,23.79,21.95,23.600006103515625,22.931285858154297
16253,23.66,21.92,23.475006103515625,22.904172897338867
16268,24.23,22.15,23.725006103515625,23.072059631347656
16283,23.73,22.06,23.725006103515625,23.015987396240234
16298,23.73,21.98,23.600006103515625,22.9521484375
16313,23.73,21.94,23.600006103515625,22.921255111694336
16328,27.35,22.18,23.787506103515625,23.048160552978516
16343,27.41,22.1,23.725006103515625,22.990123748779297
16358,25.29,21.97,23.600006103515625,22.908756256103516
16373,25.35,21.94,23.600006103515625,22.887714385986328
16388,25.91,22.19,23.725006103515625,23.0555419921875
16403,26.35,22.13,23.725006103515625,23.02268409729004
16418,27.66,22.1,23.725006103515625,22.98554039001465
16433,25.73,22.03,23.600006103515625,22.948904037475586
16448,27.23,22.22,23.787506103515625,23.06015396118164
16463,31.85,22.2,23.787506103515625,23.031612396240234
16479,31.66,22.3,23.725006103515625,23.003101348876953
16494,25.48,22.0,23.662506103515625,22.937297821044922
16509,29.04,22.22,23.787506103515625,23.025541305541992
16524,27.79,22.13,23.787506103515625,23.0161075592041
16539,27.85,22.1,23.725006103515625,22.99250602722168
16554,27.79,22.11,23.787506103515625,23.013399124145508
16569,28.16,22.28,23.850006103515625,23.108280181884766
16584,28.04,22.21,23.850006103515625,23.085124969482422
16599,27.98,22.14,23.787506103515625,23.029172897338867
16614,27.73,22.0,23.662506103515625,22.88774299621582
16629,27.98,22.28,23.850006103515625,23.113725662231445
16644,27.85,22.2,23.787506103515625,23.069351196289062
16659,27.73,22.14,23.787506103515625,23.028547286987305
16674,27.66,22.16,23.787506103515625,23.05417251586914
16689,27.91,22.39,23.912506103515625,23.20613670349121
16704,27.66,22.29,23.912506103515625,23.15205955505371
16719,27.48,22.26,23.912506103515625,23.12417221069336
16734,27.29,22.27,23.850006103515625,23.140897750854492
16749,27.48,22.37,24.037506103515625,23.21018409729004
16764,27.23,22.27,23.975006103515625,23.149202346801758
16779,27.1,22.23,23.975006103515625,23.127952575683594
16794,27.04,22.28,23.912506103515625,23.177892684936523
16809,27.1,22.36,23.975006103515625,23.210987091064453
16824,26.66,22.22,23.850006103515625,23.10991668701172
16839,28.91,22.48,23.912506103515625,23.14738655090332
16854,26.48,22.23,23.975006103515625,23.12188148498535
16869,29.1,22.69,24.037506103515625,23.2733097076416
16884,30.04,22.69,24.850006103515625,23.2500057220459
16900,29.85,22.49,23.975006103515625,23.212238311767578
16915,29.23,22.43,23.850006103515625,23.139827728271484
16930,26.6,22.49,24.037506103515625,23.29682159423828
16945,31.79,23.44,31.350006103515625,23.890987396240234
16960,31.1,22.7,24.225006103515625,23.282981872558594
16975,26.04,22.24,25.037506103515625,23.275957107543945
16990,31.54,22.97,24.412506103515625,23.550838470458984
17005,28.41,22.44,23.975006103515625,23.299083709716797
17020,30.73,22.68,23.975006103515625,23.38443946838379
17035,27.98,22.54,23.912506103515625,23.287595748901367
17050,26.1,22.4,23.975006103515625,23.269290924072266
17065,30.23,22.53,23.975006103515625,23.28717803955078
17080,25.41,22.26,23.975006103515625,23.21378517150879
17095,25.35,22.22,23.912506103515625,23.182178497314453
17110,25.98,22.41,24.037506103515625,23.283815383911133
17125,25.91,22.27,23.975006103515625,23.194469451904297
17140,25.79,22.21,23.912506103515625,23.164052963256836
17155,25.29,22.21,23.912506103515625,23.153636932373047
17170,27.04,22.57,24.100006103515625,23.355690002441406
17185,25.35,22.25,24.037506103515625,23.20729637145996
17200,24.98,22.14,23.912506103515625,23.121671676635742
17215,24.85,22.1,23.850006103515625,23.088159561157227
17230,29.48,22.57,24.100006103515625,23.311731338500977
17245,30.1,22.65,24.162506103515625,23.430601119995117
17260,28.1,22.52,24.100006103515625,23.333755493164062
17275,25.29,22.31,24.037506103515625,23.249767303466797
17290,25.6,22.45,24.100006103515625,23.352684020996094
17305,25.6,22.39,24.100006103515625,23.337505340576172
17321,25.35,22.2,23.975006103515625,23.16768455505371
17336,25.29,22.13,23.912506103515625,23.110868453979492
17351,26.73,22.42,24.100006103515625,23.306196212768555
17366,26.54,22.34,24.100006103515625,23.26771354675293
17381,26.48,22.3,24.037506103515625,23.242921829223633
17396,26.48,22.26,24.037506103515625,23.210899353027344
17411,26.66,22.49,24.162506103515625,23.376285552978516
17426,26.41,22.43,24.162506103515625,23.35220718383789
17441,26.48,22.38,24.162506103515625,23.31732749938965
17456,26.41,22.38,24.162506103515625,23.321434020996094
17471,26.54,22.4,24.162506103515625,23.307504653930664
17486,26.54,22.42,24.162506103515625,23.34033203125
17501,26.54,22.37,24.162506103515625,23.316909790039062
17516,26.48,22.32,24.100006103515625,23.2718505859375
17531,26.6,22.38,24.100006103515625,23.308547973632812
17546,26.85,22.46,24.162506103515625,23.391820907592773
17561,26.41,22.42,24.225006103515625,23.37845802307129
17576,26.41,22.36,24.162506103515625,23.331167221069336
17591,26.6,22.36,24.162506103515625,23.292802810668945
17606,29.98,22.53,24.162506103515625,23.352088928222656
17621,29.91,22.5,24.162506103515625,23.33572006225586
17636,29.85,22.54,24.225006103515625,23.386493682861328
17651,29.73,22.52,24.225006103515625,23.374826431274414
17666,30.04,22.67,24.350006103515625,23.494796752929688
17681,29.91,22.58,24.225006103515625,23.417030334472656
17696,29.16,22.47,24.162506103515625,23.340065002441406
17711,29.04,22.46,24.162506103515625,23.32384490966797
17726,29.29,22.61,24.225006103515625,23.423725128173828
17742,29.16,22.84,24.850006103515625,23.413785934448242
17757,28.91,22.47,24.162506103515625,23.328189849853516
17772,30.6,22.86,24.162506103515625,23.3598575592041
17787,28.91,22.59,24.225006103515625,23.43444061279297
17802,30.85,23.75,30.850006103515625,25.661375045776367
17817,28.91,22.6,24.350006103515625,23.51372528076172
17832,31.54,23.26,30.850006103515625,25.31182098388672
17847,29.54,22.77,24.350006103515625,23.651077270507812
17862,31.79,23.32,25.412506103515625,23.887237548828125
17877,28.85,22.62,24.350006103515625,23.588010787963867
17892,28.85,22.75,24.287506103515625,23.555749893188477
17907,29.23,22.75,24.412506103515625,23.646909713745117
17922,30.41,22.77,24.287506103515625,23.541522979736328
17937,29.16,22.73,24.287506103515625,23.56045150756836
17952,29.16,22.48,24.225006103515625,23.467445373535156
17967,30.98,22.99,24.412506103515625,23.71441078186035
17982,29.85,22.64,24.412506103515625,23.59554100036621
17997,29.73,22.61,24.412506103515625,23.563875198364258
18012,30.41,22.55,24.350006103515625,23.49640464782715
18027,29.79,22.69,24.537506103515625,23.585243225097656
18042,29.54,22.49,24.350006103515625,23.420095443725586
18057,29.35,22.43,24.412506103515625,23.383249282836914
18072,29.23,22.6,24.412506103515625,23.434797286987305
18087,29.29,22.58,24.412506103515625,23.48670196533203
18102,29.04,22.51,24.537506103515625,23.46125602722168
18117,28.85,22.3,24.287506103515625,23.261137008666992
18132,28.73,22.23,24.225006103515625,23.208934783935547
18148,28.91,22.36,24.287506103515625,23.289796829223633
18163,28.79,22.29,24.287506103515625,23.271404266357422
18178,28.73,22.26,24.350006103515625,23.268875122070312
18193,29.29,22.28,24.350006103515625,23.273845672607422
18208,29.54,22.5,24.537506103515625,23.41452980041504
18223,29.41,22.37,24.412506103515625,23.319143295288086
18238,29.16,22.2,24.350006103515625,23.189083099365234
18253,28.98,22.1,24.225006103515625,23.0930118560791
18268,29.41,22.34,24.412506103515625,23.28196907043457
18283,29.35,22.24,24.287506103515625,23.221820831298828
18298,29.41,22.22,24.287506103515625,23.241464614868164
18313,29.41,22.19,24.287506103515625,23.207237243652344
18328,29.73,22.38,24.412506103515625,23.325809478759766
18343,29.6,22.22,24.350006103515625,23.21884536743164
18358,29.54,22.2,24.350006103515625,23.21625518798828
18373,29.54,22.17,24.287506103515625,23.195274353027344
18388,29.66,22.32,24.412506103515625,23.259262084960938
18403,29.41,22.24,24.350006103515625,23.232149124145508
18418,29.23,22.23,24.350006103515625,23.234678268432617
18433,29.1,22.28,24.537506103515625,23.30768394470215
18448,29.54,22.37,24.537506103515625,23.332683563232422
18463,28.48,22.27,24.412506103515625,23.288249969482422
18478,28.41,22.19,24.287506103515625,23.222862243652344
18493,29.1,22.08,24.225006103515625,23.11857795715332
18508,28.79,22.34,24.412506103515625,23.303428649902344
18523,28.41,22.16,24.350006103515625,23.20054054260254
18538,28.48,22.07,24.287506103515625,23.118160247802734
18554,28.35,22.06,24.225006103515625,23.114410400390625
18569,28.29,22.35,24.537506103515625,23.33298110961914
18584,28.35,22.25,24.537506103515625,23.283279418945312
18599,28.35,22.19,24.350006103515625,23.237714767456055
18614,26.66,22.11,24.412506103515625,23.20298194885254
18629,27.66,22.42,24.600006103515625,23.40619659423828
18644,27.66,22.48,24.412506103515625,23.37854766845703
18659,30.29,22.32,24.350006103515625,23.301910400390625
18674,27.41,22.33,24.412506103515625,23.30622673034668
18689,27.79,22.37,24.537506103515625,23.377952575683594
18704,29.41,22.57,25.225006103515625,23.355838775634766
18719,27.1,22.21,24.412506103515625,23.309648513793945
18734,29.98,22.53,24.537506103515625,23.37143325805664
18749,27.6,22.34,24.537506103515625,23.33687973022461
18764,27.1,22.27,24.787506103515625,23.355243682861328
18779,31.91,23.07,31.850006103515625,27.298398971557617
18794,26.85,22.1,24.350006103515625,23.297922134399414
18809,27.16,22.4,24.600006103515625,23.531702041625977
18824,31.35,22.68,24.600006103515625,23.54283332824707
18839,28.04,22.45,24.600006103515625,23.459856033325195
18854,28.1,22.28,24.600006103515625,23.41575050354004
18869,29.04,22.6,24.537506103515625,23.541345596313477
18884,31.6,22.64,24.600006103515625,23.460094451904297
18899,30.54,22.42,24.412506103515625,23.316165924072266
18914,29.73,22.37,24.350006103515625,23.277326583862305
18929,29.35,22.38,24.412506103515625,23.29682159423828
18944,29.04,22.41,24.537506103515625,23.342208862304688
18959,28.35,22.26,24.350006103515625,23.218130111694336
18975,27.91,22.18,24.350006103515625,23.149856567382812
18990,27.73,22.26,24.350006103515625,23.2081298828125
19005,27.6,22.3,24.412506103515625,23.233814239501953
19020,27.54,22.23,24.350006103515625,23.210927963256836
19035,27.29,22.14,24.350006103515625,23.131404876708984
19050,27.35,22.16,24.350006103515625,23.156940460205078
19065,28.35,22.58,24.537506103515625,23.377593994140625
19080,28.6,22.28,24.412506103515625,23.244291305541992
19095,27.73,22.35,24.600006103515625,23.327594757080078
19110,28.23,22.4,24.662506103515625,23.38705825805664
19125,28.41,22.28,24.412506103515625,23.260957717895508
19140,28.35,22.25,24.412506103515625,23.267654418945312
19155,27.54,22.21,24.412506103515625,23.261137008666992
19170,27.54,22.12,24.350006103515625,23.175600051879883
19185,27.66,22.4,24.662506103515625,23.376911163330078
19200,27.85,22.32,24.537506103515625,23.330659866333008
19215,27.79,22.09,24.287506103515625,23.11872673034668
19230,29.29,22.11,24.287506103515625,23.062685012817383
19245,29.66,22.43,24.600006103515625,23.357772827148438
19260,29.66,22.31,24.412506103515625,23.26202964782715
19275,29.66,22.2,24.350006103515625,23.165660858154297
19290,29.73,22.13,24.287506103515625,23.097415924072266
19305,30.54,22.37,24.537506103515625,23.282594680786133
19320,30.1,22.32,24.600006103515625,23.275005340576172
19335,30.79,22.29,24.537506103515625,23.263517379760742
19350,30.1,22.27,24.537506103515625,23.245838165283203
19365,30.66,22.3,24.537506103515625,23.25592803955078
19381,29.73,22.19,24.412506103515625,23.173904418945312
19396,29.85,22.09,24.412506103515625,23.08298110961914
19411,29.48,22.07,24.350006103515625,23.073904037475586
19426,29.85,22.28,24.537506103515625,23.228696823120117
19441,29.91,22.18,24.537506103515625,23.178428649902344
19456,30.16,22.11,24.350006103515625,23.131940841674805
19471,29.29,22.13,24.412506103515625,23.154619216918945
19486,30.1,22.22,24.412506103515625,23.170957565307617
19501,29.41,22.21,24.537506103515625,23.199111938476562
19516,29.48,22.33,24.662506103515625,23.303844451904297
19531,29.35,22.28,24.662506103515625,23.317684173583984
19546,29.35,22.45,24.537506103515625,23.278934478759766
19561,29.35,22.22,24.537506103515625,23.297178268432617
19576,28.91,22.19,24.350006103515625,23.115095138549805
19591,28.91,22.03,24.350006103515625,23.157981872558594
19606,30.48,22.8,24.662506103515625,23.361522674560547
19621,29.98,22.47,24.600006103515625,23.357149124145508
19636,29.04,22.1,24.537506103515625,23.21196937561035
19651,30.41,22.76,30.100006103515625,24.72458839416504
19666,30.66,22.52,24.350006103515625,23.295839309692383
19681,28.79,22.03,24.287506103515625,23.126672744750977
19696,30.6,22.27,24.350006103515625,23.211135864257812
19711,28.48,21.92,24.287506103515625,23.111106872558594
19726,29.16,22.5,24.662506103515625,23.460779190063477
19741,28.98,22.37,24.600006103515625,23.421701431274414
19756,28.91,22.19,24.537506103515625,23.333845138549805
19771,29.66,22.38,24.537506103515625,23.38827896118164
19786,29.35,22.39,24.662506103515625,23.476314544677734
19802,29.23,22.16,24.600006103515625,23.322059631347656
19817,30.1,22.27,24.600006103515625,23.341344833374023
19832,29.41,22.13,24.350006103515625,23.199827194213867
19847,29.73,22.37,24.537506103515625,23.32920265197754
19862,29.41,22.23,24.537506103515625,23.24955940246582
19877,29.79,22.15,24.412506103515625,23.192684173583984
19892,29.66,22.14,24.350006103515625,23.19670295715332
19907,29.66,22.45,24.662506103515625,23.454469680786133
19922,29.41,22.32,24.600006103515625,23.344589233398438
19937,31.48,22.35,24.662506103515625,23.33319091796875
19952,29.1,22.11,24.350006103515625,23.147058486938477
19967,29.29,22.4,24.662506103515625,23.393339157104492
19982,29.29,22.24,24.537506103515625,23.297565460205078
19997,29.1,22.14,24.537506103515625,23.222654342651367
20012,29.04,22.09,24.412506103515625,23.18667221069336
20027,29.48,22.39,24.662506103515625,23.41217803955078
20042,29.29,22.28,24.662506103515625,23.373577117919922
20057,29.29,22.27,24.600006103515625,23.38467788696289
20072,29.29,22.18,24.537506103515625,23.31375503540039
20087,29.29,22.33,24.662506103515625,23.403696060180664
20102,29.16,22.18,24.537506103515625,23.297832489013672
20117,29.04,22.1,24.537506103515625,23.235511779785156
20132,29.16,22.07,24.537506103515625,23.19824981689453
20147,29.48,22.28,24.600006103515625,23.347684860229492
20162,29.48,22.22,24.600006103515625,23.331493377685547
20177,29.48,22.17,24.600006103515625,23.299053192138672
20192,30.1,22.15,24.412506103515625,23.265987396240234
20207,29.54,22.17,24.537506103515625,23.280719757080078
20223,29.6,22.15,24.537506103515625,23.276762008666992
20238,29.73,22.1,24.537506103515625,23.25078010559082
20253,29.91,22.08,24.412506103515625,23.227684020996094
20268,29.66,22.24,24.600006103515625,23.316850662231445
20283,29.73,22.63,24.600006103515625,23.36872673034668
20298,29.29,22.52,24.600006103515625,23.34705924987793
20313,28.6,22.24,24.537506103515625,23.256731033325195
20328,30.6,22.45,24.662506103515625,23.34092903137207
20343,31.1,22.55,24.662506103515625,23.373577117919922
20358,30.98,22.63,24.662506103515625,23.3574161529541
20373,29.54,22.4,24.600006103515625,23.338605880737305
20388,29.6,22.33,24.600006103515625,23.25827980041504
20403,30.1,22.39,24.600006103515625,23.312028884887695
20418,31.79,22.3,24.412506103515625,23.228309631347656
20433,32.48,22.27,24.537506103515625,23.236286163330078
20448,32.54,22.14,24.350006103515625,23.131256103515625
20463,32.98,22.6,24.662506103515625,23.32140350341797
20478,32.54,22.61,24.662506103515625,23.32271385192871
20493,32.04,22.55,24.662506103515625,23.252178192138672
20508,31.85,22.26,24.600006103515625,23.184886932373047
20523,32.04,22.69,24.725006103515625,23.40985679626465
20538,32.85,22.41,24.662506103515625,23.318458557128906
20553,33.73,23.34,31.287506103515625,27.155214309692383
20568,33.85,22.35,24.600006103515625,23.29381561279297
20583,33.98,22.79,24.662506103515625,23.370540618896484
20598,33.16,22.64,24.600006103515625,23.322357177734375
20613,33.91,22.56,24.600006103515625,23.22726821899414
20629,33.79,22.52,24.412506103515625,23.177536010742188
20644,33.54,23.2,30.975006103515625,25.10801124572754
20659,33.91,22.55,24.725006103515625,23.483903884887695
20674,34.16,22.94,24.600006103515625,23.59140396118164
20689,34.48,22.62,24.600006103515625,23.40313148498535
20704,34.23,23.52,24.787506103515625,23.819292068481445
20719,33.6,22.91,24.787506103515625,23.5408992767334
20734,33.73,22.94,24.725006103515625,23.517772674560547
20749,34.79,22.72,24.662506103515625,23.45848846435547
20764,35.29,22.88,24.725006103515625,23.618427276611328
20779,35.16,22.69,24.725006103515625,23.513338088989258
20794,34.6,22.72,24.725006103515625,23.511940002441406
20809,34.29,22.85,24.787506103515625,23.55524444580078
20824,35.29,22.98,24.850006103515625,23.604320526123047
20839,35.35,22.76,24.725006103515625,23.58955955505371
20854,34.54,22.68,24.787506103515625,23.52054214477539
20869,35.23,22.9,24.787506103515625,23.495689392089844
20884,35.6,22.93,24.850006103515625,23.643606185913086
20899,35.29,22.82,24.725006103515625,23.53402328491211
20914,35.29,22.63,24.662506103515625,23.422147750854492
20929,35.29,22.49,24.537506103515625,23.350183486938477
20944,35.23,22.65,24.662506103515625,23.454439163208008
20959,35.04,22.56,24.600006103515625,23.382238388061523
20974,34.91,22.55,24.600006103515625,23.38450050354004
20989,34.98,22.6,24.600006103515625,23.424232482910156
21004,35.35,22.76,24.787506103515625,23.607118606567383
21019,29.73,22.49,24.725006103515625,23.531225204467773
21034,27.6,22.2,24.600006103515625,23.3983097076416
21050,26.54,22.16,24.662506103515625,23.392654418945312
21065,26.41,22.41,24.725006103515625,23.627593994140625
21080,25.98,22.3,24.725006103515625,23.55048179626465
21095,25.79,22.39,24.787506103515625,23.685659408569336
21110,25.41,22.3,24.725006103515625,23.60149383544922
21125,25.6,22.49,24.850006103515625,23.735750198364258
21140,25.16,22.37,24.787506103515625,23.69426155090332
21155,24.98,22.29,24.725006103515625,23.62164306640625
21170,24.79,22.22,24.662506103515625,23.55194091796875
21185,25.04,22.43,24.725006103515625,23.70628547668457
21200,24.98,22.31,24.787506103515625,23.642297744750977
21215,24.91,22.24,24.662506103515625,23.594261169433594
21230,25.35,22.25,24.662506103515625,23.609024047851562
21245,25.35,22.59,24.912506103515625,23.882713317871094
21260,30.23,22.76,24.912506103515625,23.881820678710938
21275,25.29,22.46,24.850006103515625,23.81619644165039
21290,29.35,22.78,24.850006103515625,23.85572052001953
21305,29.6,22.98,25.037506103515625,23.964649200439453
21320,25.85,22.49,24.850006103515625,23.83319091796875
21335,30.48,23.08,27.225006103515625,23.91646385192871
21350,25.85,22.46,24.787506103515625,23.804588317871094
21365,29.98,23.19,24.912506103515625,24.095035552978516
21380,30.91,23.12,30.600006103515625,25.860660552978516
21395,25.41,22.37,24.787506103515625,23.82423210144043
21410,30.41,22.76,24.662506103515625,23.854976654052734
21425,25.73,22.5,24.787506103515625,23.850481033325195
21440,26.66,22.62,24.787506103515625,23.90771484375
21456,25.35,22.46,24.850006103515625,23.885988235473633
21471,26.85,22.66,24.912506103515625,23.98065948486328
21486,30.23,22.82,24.912506103515625,24.000123977661133
21501,25.35,22.38,24.787506103515625,23.810274124145508
21516,28.16,22.49,24.725006103515625,23.822446823120117
21531,25.48,22.27,24.725006103515625,23.72658348083496
21546,28.98,22.58,24.787506103515625,23.79214859008789
21561,28.6,22.61,24.912506103515625,23.880571365356445
21576,27.91,22.32,24.725006103515625,23.675392150878906
21591,27.6,22.22,24.662506103515625,23.59369659423828
21606,27.6,22.38,24.787506103515625,23.710004806518555
21621,27.29,22.3,24.725006103515625,23.685094833374023
21636,27.16,22.2,24.725006103515625,23.5877742767334
21651,31.35,22.22,24.662506103515625,23.565093994140625
21666,31.98,22.68,24.787506103515625,23.782207489013672
21681,26.85,22.55,24.787506103515625,23.800214767456055
21696,26.23,22.29,24.725006103515625,23.670839309692383
21711,26.04,22.29,24.787506103515625,23.690452575683594
21726,25.85,22.29,24.725006103515625,23.64470863342285
21741,25.6,22.23,24.662506103515625,23.60012435913086
21756,25.23,22.14,24.662506103515625,23.55173110961914
21771,25.41,22.17,24.725006103515625,23.5855712890625
21786,25.48,22.24,24.725006103515625,23.65664291381836
21801,25.73,22.34,24.787506103515625,23.747892379760742
21816,25.85,22.25,24.787506103515625,23.68875503540039
21831,25.66,22.19,24.725006103515625,23.63512420654297
21846,25.6,22.29,24.850006103515625,23.683666229248047
21861,25.66,22.38,24.787506103515625,23.762624740600586
21876,25.6,22.26,24.787506103515625,23.674976348876953
21892,25.41,22.16,24.662506103515625,23.58741569519043
21907,25.48,22.18,24.725006103515625,23.60372543334961
21922,25.73,22.3,24.787506103515625,23.725601196289062
21937,25.66,22.24,24.787506103515625,23.687713623046875
21952,25.66,22.19,24.787506103515625,23.646671295166016
21967,25.6,22.17,24.787506103515625,23.621135711669922
21982,25.85,22.33,24.850006103515625,23.758190155029297
21997,25.73,22.23,24.787506103515625,23.68568992614746
22012,25.6,22.18,24.787506103515625,23.64515495300293
22027,25.6,22.2,24.725006103515625,23.600332260131836
22042,36.41,23.05,24.912506103515625,23.758695602416992
22057,37.73,23.02,24.912506103515625,23.76074981689453
22072,38.29,22.97,24.850006103515625,23.7103328704834
22087,37.04,22.97,24.725006103515625,23.618547439575195
22102,38.29,23.25,24.912506103515625,23.828874588012695
22117,38.16,23.02,24.850006103515625,23.736968994140625
22132,37.85,23.05,24.850006103515625,23.741493225097656
22147,37.6,22.92,24.787506103515625,23.67878532409668
22162,37.85,23.14,24.912506103515625,23.801284790039062
22177,37.66,23.07,24.850006103515625,23.754589080810547
22192,37.6,23.09,24.912506103515625,23.760480880737305
22207,37.41,23.04,24.850006103515625,23.72167205810547
22222,37.41,23.44,24.912506103515625,23.857505798339844
22237,37.6,23.24,24.912506103515625,23.84914207458496
22252,37.6,23.16,24.912506103515625,23.859350204467773
22267,37.6,23.44,24.912506103515625,23.90006446838379
22282,37.73,23.31,24.975006103515625,23.96194076538086
22297,37.1,24.05,27.037506103515625,24.19631576538086
22312,37.6,23.5,25.037506103515625,24.004589080810547
22327,37.66,24.19,30.162506103515625,25.224708557128906
22343,37.23,23.72,25.162506103515625,24.187833786010742
22358,36.6,23.68,25.100006103515625,24.157594680786133
22373,37.79,23.56,25.037506103515625,24.070571899414062
22388,38.1,23.55,24.912506103515625,24.009023666381836
22403,38.29,23.87,25.225006103515625,24.336225509643555
22418,38.04,23.53,25.162506103515625,24.202892303466797
22433,37.98,23.71,25.162506103515625,24.163904190063477
22448,37.98,23.35,25.162506103515625,24.102088928222656
22463,37.85,23.61,25.162506103515625,24.205095291137695
22478,37.66,23.45,25.162506103515625,24.181642532348633
22493,37.85,23.44,25.162506103515625,24.183101654052734
22508,37.73,23.38,25.162506103515625,24.134767532348633
22523,38.04,23.62,25.225006103515625,24.165512084960938
22538,35.1,23.02,25.162506103515625,24.10464859008789
22553,33.79,23.08,25.162506103515625,24.065898895263672
22568,31.54,22.91,25.100006103515625,24.064231872558594
22583,32.41,23.2,25.162506103515625,24.19080924987793
22598,30.16,23.04,25.100006103515625,24.181137084960938
22613,29.54,22.92,24.912506103515625,24.08351707458496
22628,28.98,22.87,24.975006103515625,24.06220817565918
22643,30.73,23.28,25.100006103515625,24.247892379760742
22658,28.73,23.27,25.225006103515625,24.323041915893555
22673,28.6,23.33,25.225006103515625,24.34170150756836
22688,28.6,23.26,25.162506103515625,24.29673194885254
22703,34.35,23.92,25.225006103515625,24.373428344726562
22718,34.35,23.84,25.225006103515625,24.35893440246582
22733,36.1,23.61,25.162506103515625,24.264291763305664
22748,36.79,23.55,25.100006103515625,24.19286346435547
22763,37.16,23.79,25.225006103515625,24.297386169433594
22779,37.1,23.63,25.162506103515625,24.231910705566406
22794,37.1,23.62,25.162506103515625,24.234588623046875
22809,36.6,23.57,25.162506103515625,24.178695678710938
22824,36.29,23.76,25.225006103515625,24.30241584777832
22839,37.23,23.61,25.162506103515625,24.203725814819336
22854,37.35,23.51,25.100006103515625,24.157445907592773
22869,37.35,23.51,25.100006103515625,24.16452980041504
22884,36.73,23.72,25.162506103515625,24.26878547668457
22899,36.1,23.61,25.162506103515625,24.206701278686523
22914,35.91,23.58,25.100006103515625,24.186613082885742
22929,37.35,23.53,25.100006103515625,24.14646339416504
22944,37.73,23.71,25.225006103515625,24.28134536743164
22959,37.35,23.68,25.287506103515625,24.30655288696289
22974,36.48,23.66,25.287506103515625,24.307565689086914
22989,36.91,23.67,25.225006103515625,24.288427352905273
23004,37.91,23.76,25.287506103515625,24.338726043701172
23019,37.66,23.74,25.225006103515625,24.244260787963867
23034,37.35,23.55,25.100006103515625,24.073070526123047
23049,37.35,23.48,25.037506103515625,24.01479721069336
23064,37.6,23.81,25.225006103515625,24.25155258178711
23079,37.54,23.86,25.350006103515625,24.33381462097168
23094,37.48,23.84,25.287506103515625,24.344440460205078
23109,36.85,23.87,25.350006103515625,24.37747573852539
23124,37.54,23.98,25.350006103515625,24.408992767333984
23139,37.29,23.85,25.287506103515625,24.33664321899414
23154,37.79,23.93,25.287506103515625,24.286762237548828
23169,37.79,24.05,25.225006103515625,24.281435012817383
23184,38.1,23.96,25.287506103515625,24.355422973632812
23200,37.91,23.87,25.287506103515625,24.356582641601562
23215,37.48,24.32,25.287506103515625,24.23768424987793
23230,37.35,23.8,25.225006103515625,24.230600357055664
23245,35.91,24.97,30.975006103515625,26.97036361694336
23260,36.1,23.82,25.287506103515625,24.381553649902344
23275,31.23,23.81,30.100006103515625,25.3718204498291
23290,38.1,23.43,25.162506103515625,24.369083404541016
23305,38.6,24.03,25.287506103515625,24.51211929321289
23320,39.41,23.58,25.350006103515625,24.41899299621582
23335,38.98,23.53,25.287506103515625,24.376821517944336
23350,38.29,23.64,25.287506103515625,24.398487091064453
23365,32.16,23.43,25.287506103515625,24.36229705810547
23380,38.91,23.88,25.412506103515625,24.52414321899414
23395,39.35,23.61,25.287506103515625,24.418190002441406
23410,39.23,23.61,25.225006103515625,24.32509422302246
23425,32.04,23.21,25.162506103515625,24.255273818969727
23440,30.29,23.23,25.225006103515625,24.306821823120117
23455,29.41,23.15,25.225006103515625,24.28289222717285
23470,28.6,23.06,25.162506103515625,24.218814849853516
23485,28.1,22.97,25.162506103515625,24.155838012695312
23500,38.1,23.41,25.287506103515625,24.30631446838379
23515,37.91,23.36,25.287506103515625,24.28417205810547
23530,37.98,23.33,25.225006103515625,24.281047821044922
23545,37.66,23.25,25.162506103515625,24.199142456054688
23560,37.98,23.4,25.287506103515625,24.315839767456055
23575,37.85,23.33,25.350006103515625,24.281047821044922
23590,37.6,23.26,25.225006103515625,24.242773056030273
23606,37.6,23.25,25.225006103515625,24.238636016845703
23621,37.85,23.35,25.350006103515625,24.302536010742188
23636,37.66,23.28,25.287506103515625,24.2584285736084
23651,37.48,23.24,25.225006103515625,24.239023208618164
23666,37.35,23.2,25.225006103515625,24.209291458129883
23681,37.41,23.4,25.475006103515625,24.350393295288086
23696,37.35,23.29,25.350006103515625,24.2824764251709
23711,37.29,23.26,25.287506103515625,24.262296676635742
23726,37.04,23.1,25.225006103515625,24.12616539001465
23741,37.29,23.31,25.287506103515625,24.29765510559082
23756,37.1,23.23,25.287506103515625,24.257862091064453
23771,37.04,23.19,25.225006103515625,24.22842788696289
23786,36.85,23.13,25.287506103515625,24.1875057220459
23801,37.1,23.36,25.350006103515625,24.328577041625977
23816,36.98,23.27,25.287506103515625,24.290987014770508
23831,36.91,23.24,25.287506103515625,24.25446891784668
23846,36.79,23.21,25.287506103515625,24.23738670349121
23861,36.98,23.32,25.412506103515625,24.312833786010742
23876,36.79,23.21,25.287506103515625,24.260005950927734
23891,36.79,23.19,25.287506103515625,24.251434326171875
23906,36.73,23.15,25.287506103515625,24.216344833374023
23921,37.04,23.41,25.475006103515625,24.409082412719727
23936,36.85,23.32,25.412506103515625,24.353635787963867
23951,36.79,23.27,25.350006103515625,24.326702117919922
23966,36.66,23.26,25.350006103515625,24.314231872558594
23981,36.85,23.4,25.475006103515625,24.426225662231445
23996,36.73,23.31,25.412506103515625,24.379589080810547
24012,36.48,23.29,25.412506103515625,24.365869522094727
24027,36.41,23.34,25.350006103515625,24.3129825592041
24042,36.66,23.43,25.475006103515625,24.450422286987305
24057,36.41,23.34,25.412506103515625,24.39295196533203
24072,29.35,23.16,25.412506103515625,24.33158302307129
24087,28.79,23.1,25.350006103515625,24.32729721069336
24102,28.29,23.25,25.600006103515625,24.436315536499023
24117,28.29,23.11,25.600006103515625,24.413368225097656
24132,28.35,23.11,25.600006103515625,24.4303035736084
24147,28.41,23.01,25.475006103515625,24.366046905517578
24162,28.48,23.18,25.600006103515625,24.474796295166016
24177,28.29,23.03,25.475006103515625,24.36491584777832
24192,28.23,22.96,25.412506103515625,24.312177658081055
24207,28.23,22.89,25.350006103515625,24.279619216918945
24222,28.29,23.06,25.600006103515625,24.375600814819336
24237,28.35,22.93,25.475006103515625,24.33726692199707
24252,28.1,22.84,25.412506103515625,24.261226654052734
